sentence,audio,preposition,id
"Да, я родилась в Звенигороде.",http://lingconlab.ru/zvenigorod/OUT/2019-Zvenigorod-ea1976-19346-21067.wav,в,1
В Звенигороде.,http://lingconlab.ru/zvenigorod/OUT/2019-Zvenigorod-ea1976-23350-24808.wav,в,2
"А первая школа - потому что мама работала в пансионате ""Россия"", это, от Центробанка вот в Ларюшино",http://lingconlab.ru/zvenigorod/OUT/2019-Zvenigorod-ea1976-75881-84351.wav,в,3
"Вот есть там у них свой пансионат, она там отработала, ну, приличное количество лет и получила квартиру, и мы въехали в квартиру, а на следующий год построилась первая школа на Маяковке, и я пошла в первую школу.",http://lingconlab.ru/zvenigorod/OUT/2019-Zvenigorod-ea1976-84351-98447.wav,в,4
Работы не было в городе.,http://lingconlab.ru/zvenigorod/OUT/2019-Zvenigorod-ea1976-159650-161960.wav,в,5
"Ну я училась хорошо, я лучше чем в школе училась в техникуме.",http://lingconlab.ru/zvenigorod/OUT/2019-Zvenigorod-ea1976-179909-183056.wav,в,6
"Нет, получилось, что я после школы, вот сразу, когда в девяносто третьем я закончила школу, и в девяносто= по девяносто четвёртый я уже отучилась в техникуме в Одинцово.",http://lingconlab.ru/zvenigorod/OUT/2019-Zvenigorod-ea1976-195978-207399.wav,в,7
Что она в имени в= Акулина.,http://lingconlab.ru/zvenigorod/OUT/2019-Zvenigorod-ea1976-384167-386458.wav,в,8
"Представляешь, а она в крещении Акулина, а мы её здесь как Елену.",http://lingconlab.ru/zvenigorod/OUT/2019-Zvenigorod-ea1976-395381-400524.wav,в,9
"И мы тут вообще в ступоре были, мы вообще не понимали, что нам делать, как бы, понимаешь, в крещении она Акулина.",http://lingconlab.ru/zvenigorod/OUT/2019-Zvenigorod-ea1976-400524-406341.wav,в,10
"А баба Аня, моя бабушка, ну, Лена была в городе, а баба Аня, она в Москве была в каком-то штабе какой-то радисткой секретной.",http://lingconlab.ru/zvenigorod/OUT/2019-Zvenigorod-ea1976-479111-489978.wav,в,11
"Секретное что-то там, в общем, у неё там награды были, ну у нас Олег их все забрал, брат мой, он увлекается всем этим.",http://lingconlab.ru/zvenigorod/OUT/2019-Zvenigorod-ea1976-489978-496792.wav,в,12
"Ой, нет, она не медсестра, Лен, у неё награды тоже, я сейчас просто не= не ну, так вот не помню, но я по-моему с=, в редакции тогда нашли.",http://lingconlab.ru/zvenigorod/OUT/2019-Zvenigorod-ea1976-531048-540119.wav,в,13
"И когда они куда-то ехали, какой-то то ли везли товар, что-то в общем.",http://lingconlab.ru/zvenigorod/OUT/2019-Zvenigorod-ea1976-546994-552524.wav,в,14
"И она села за руль и привезла его, в общем, туда в этот, к месту, где там, где они стояли, вот гарнизон там или что.",http://lingconlab.ru/zvenigorod/OUT/2019-Zvenigorod-ea1976-554309-561915.wav,в,15
"Не= не в тылу, а в тылу у меня баба Лена, которая моя бабушка вот.",http://lingconlab.ru/zvenigorod/OUT/2019-Zvenigorod-ea1976-570377-574582.wav,в,16
В нём была= был госпиталь.,http://lingconlab.ru/zvenigorod/OUT/2019-Zvenigorod-ea1976-589552-593123.wav,в,17
"И в эту ночь вот у неё, в общем, у неё была там любовь с осетином.",http://lingconlab.ru/zvenigorod/OUT/2019-Zvenigorod-ea1976-659938-665272.wav,в,18
"А получилось, баба Лида была в положении, но их угнали вместо победы, угнали на японскую войну.",http://lingconlab.ru/zvenigorod/OUT/2019-Zvenigorod-ea1976-679987-688383.wav,в,19
"Там, ну, как бы, тётю Ларису носила в животе.",http://lingconlab.ru/zvenigorod/OUT/2019-Zvenigorod-ea1976-697112-701151.wav,в,20
"И она сказала, ну, ни в коем случае, и так вот они на какое-то время расстались.",http://lingconlab.ru/zvenigorod/OUT/2019-Zvenigorod-ea1976-736560-741837.wav,в,21
"И, ну в общем, баба Лида с ним не сошлась, и с детьми приехала сюда обратно, и вот она в ПТП работала.",http://lingconlab.ru/zvenigorod/OUT/2019-Zvenigorod-ea1976-781202-787903.wav,в,22
"Ну, Олег он у нас да, он в милиции работал, потом он выучился, получил юридическое образование и занялся юридическим.",http://lingconlab.ru/zvenigorod/OUT/2019-Zvenigorod-ea1976-827108-835054.wav,в,23
"Убиралась, в котельне убрали, их сократили, завели автоматику.",http://lingconlab.ru/zvenigorod/OUT/2019-Zvenigorod-ea1976-897870-902825.wav,в,24
В котельне оператором.,http://lingconlab.ru/zvenigorod/OUT/2019-Zvenigorod-ea1976-906131-908777.wav,в,25
В турбазе.,http://lingconlab.ru/zvenigorod/OUT/2019-Zvenigorod-ea1976-908777-910011.wav,в,26
"А то она, ей всё снилось, что она идёт на работу, вот меня позвали на работу, ну в общем...",http://lingconlab.ru/zvenigorod/OUT/2019-Zvenigorod-ea1976-912369-918311.wav,в,27
"В общем, она опять работает.",http://lingconlab.ru/zvenigorod/OUT/2019-Zvenigorod-ea1976-918311-920981.wav,в,28
"И работает в пенсионном фонде в нашем, да.",http://lingconlab.ru/zvenigorod/OUT/2019-Zvenigorod-ea1976-954934-958531.wav,в,29
"Она поработала, ну, в общем, сказали, что, ну, извини, Насть, всё, как бы...",http://lingconlab.ru/zvenigorod/OUT/2019-Zvenigorod-ea1976-983915-989302.wav,в,30
"Хотя у неё ещё и карта медицинская там, в Сеченово, в Москве находится.",http://lingconlab.ru/zvenigorod/OUT/2019-Zvenigorod-ea1976-995164-999625.wav,в,31
"Потом она дома посидела немножко, позвал её Сашка Орлов на работу фейерверки она в городе сидела на= около перекрёстка в фейерверках зимой.",http://lingconlab.ru/zvenigorod/OUT/2019-Zvenigorod-ea1976-1000622-1011774.wav,в,32
Но у нас в пенсионном никак не получалось...,http://lingconlab.ru/zvenigorod/OUT/2019-Zvenigorod-ea1976-1034752-1038163.wav,в,33
А тут прямо совсем-совсем в пенсионном,http://lingconlab.ru/zvenigorod/OUT/2019-Zvenigorod-ea1976-1053120-1055867.wav,в,34
"И она чисто вот в программах уже, она ну вот это вот...",http://lingconlab.ru/zvenigorod/OUT/2019-Zvenigorod-ea1976-1099461-1104320.wav,в,35
"А они уже в программах какие-то расчёты, перерасчёты заводят.",http://lingconlab.ru/zvenigorod/OUT/2019-Zvenigorod-ea1976-1125296-1129866.wav,в,36
"Они в отдельном кабинете, к ним люди не ходят.",http://lingconlab.ru/zvenigorod/OUT/2019-Zvenigorod-ea1976-1129866-1132894.wav,в,37
"То есть у неё уже на руках документ, и она уже в институте.",http://lingconlab.ru/zvenigorod/OUT/2019-Zvenigorod-ea1976-1163433-1170252.wav,в,38
"И в Одинцово, пока она была в замах, она работала, на ней всё держалось, и, ну, она работала.",http://lingconlab.ru/zvenigorod/OUT/2019-Zvenigorod-ea1976-1302160-1309588.wav,в,39
А в две тысячи первом я пошла учиться в колледж.,http://lingconlab.ru/zvenigorod/OUT/2019-Zvenigorod-ea1976-1372438-1376240.wav,в,40
"В колледже я училась, а потом там же была база вечернего института.",http://lingconlab.ru/zvenigorod/OUT/2019-Zvenigorod-ea1976-1376240-1381911.wav,в,41
"Да, да, я в редакции, я ещё училась.",http://lingconlab.ru/zvenigorod/OUT/2019-Zvenigorod-ea1976-1398291-1401469.wav,в,42
"Нет, в колледже финансовом.",http://lingconlab.ru/zvenigorod/OUT/2019-Zvenigorod-ea1976-1403716-1406109.wav,в,43
"Я понимаю, что я в своей стихии.",http://lingconlab.ru/zvenigorod/OUT/2019-Zvenigorod-ea1976-1514115-1516656.wav,в,44
"Нет, десять лет в этом управлении, ну, профильно.",http://lingconlab.ru/zvenigorod/OUT/2019-Zvenigorod-ea1976-1608442-1613657.wav,в,45
"Это у меня неделя выходная, я в отпуске, а в субботу не пошла, говорю, сэкономлю.",http://lingconlab.ru/zvenigorod/OUT/2019-Zvenigorod-ea1976-1635240-1640884.wav,в,46
"Пока в редакции работала, ещё и училась.",http://lingconlab.ru/zvenigorod/OUT/2019-Zvenigorod-ea1976-1811279-1813815.wav,в,47
"Ездить на м= ну, ездить на машине - это одно, на транспорте я не набегаюсь, потому что мы территориально живём в самом углу квартала Маяковский.",http://lingconlab.ru/zvenigorod/OUT/2019-Zvenigorod-ea1976-1820599-1830091.wav,в,48
"А во дворе у нас большое футбольное поле, которое заброшено.",http://lingconlab.ru/zvenigorod/OUT/2019-Zvenigorod-ea1976-1855172-1859810.wav,в,49
Потом скоро я буду жить в своём дворе.,http://lingconlab.ru/zvenigorod/OUT/2019-Zvenigorod-ea1976-1864606-1867501.wav,в,50
"Сейчас вот два дня я почему потеряла, потому что у меня внутренняя отделка в доме, вот сейчас заедет бригада.",http://lingconlab.ru/zvenigorod/OUT/2019-Zvenigorod-ea1976-1877509-1883747.wav,в,51
"Вот, и я люблю в своём доме, мне вот этот пятый этаж, конечно...",http://lingconlab.ru/zvenigorod/OUT/2019-Zvenigorod-ea1976-1912791-1917530.wav,в,52
У нас вообще не заржавеет во дворе.,http://lingconlab.ru/zvenigorod/OUT/2019-Zvenigorod-ea1976-1938967-1941669.wav,в,53
И они учились вдвоём в МАДИ.,http://lingconlab.ru/zvenigorod/OUT/2019-Zvenigorod-ea1976-2022750-2026554.wav,в,54
И познакомились в МАДИ.,http://lingconlab.ru/zvenigorod/OUT/2019-Zvenigorod-ea1976-2026554-2028590.wav,в,55
И Стас у меня окончил МАДИ.,http://lingconlab.ru/zvenigorod/OUT/2019-Zvenigorod-ea1976-2028590-2031102.wav,в,56
Ну в общем там это...,http://lingconlab.ru/zvenigorod/OUT/2019-Zvenigorod-ea1976-2050299-2053544.wav,в,57
"Дед у нас работал вот в этой ""Пьяной яме"", и оттуда почему-то как-то их отправляли в Монголию.",http://lingconlab.ru/zvenigorod/OUT/2019-Zvenigorod-ea1976-2080253-2087248.wav,в,58
"И там они вот, Стас, десятый-одиннадцатый класс там оканчивал, в Монголии.",http://lingconlab.ru/zvenigorod/OUT/2019-Zvenigorod-ea1976-2094398-2100206.wav,в,59
"Теперь они в Москве, вот приезжают, кто из Монголии, они встречаются здесь все.",http://lingconlab.ru/zvenigorod/OUT/2019-Zvenigorod-ea1976-2100206-2105350.wav,в,60
"Он их помнит, вот они, говорит, в то время они одни монголы приходили, если они что-то чувствуют заболевают, они все были в масках.",http://lingconlab.ru/zvenigorod/OUT/2019-Zvenigorod-ea1976-2109192-2117767.wav,в,61
"Ну он был в городе, поэтому ему...",http://lingconlab.ru/zvenigorod/OUT/2019-Zvenigorod-ea1976-2160000-2163025.wav,в,62
"Ну да, он прямо в центре там был.",http://lingconlab.ru/zvenigorod/OUT/2019-Zvenigorod-ea1976-2164107-2166333.wav,в,63
"В общем, он был просто, говорит, ам= а мне так не досталось.",http://lingconlab.ru/zvenigorod/OUT/2019-Zvenigorod-ea1976-2196813-2200954.wav,в,64
Сначала у нас рынок был в одном конце города.,http://lingconlab.ru/zvenigorod/OUT/2019-Zvenigorod-ea1976-2213727-2217699.wav,в,65
"А на самом деле уже= уже на этих фабриках, где это= заводах на всех, ну в смысле, где это всё.",http://lingconlab.ru/zvenigorod/OUT/2019-Zvenigorod-ea1976-2447123-2454186.wav,в,66
Потому что у Володи у нас директор института рыбного в Москве.,http://lingconlab.ru/zvenigorod/OUT/2019-Zvenigorod-ea1976-2491161-2497524.wav,в,67
"В контакте, я могу подойти к ним научиться, посмотреть там, чем они занимаются, я...",http://lingconlab.ru/zvenigorod/OUT/2019-Zvenigorod-ea1976-2704954-2710306.wav,в,68
"А сижу в том же кабинете, где и сидела.",http://lingconlab.ru/zvenigorod/OUT/2019-Zvenigorod-ea1976-2715533-2718223.wav,в,69
В конце концов.,http://lingconlab.ru/zvenigorod/OUT/2019-Zvenigorod-ea1976-2936728-2938163.wav,в,70
"Ну, в смысле?",http://lingconlab.ru/zvenigorod/OUT/2019-Zvenigorod-ea1976-3016483-3017784.wav,в,71
"Ой, ну в общем, печально.",http://lingconlab.ru/zvenigorod/OUT/2019-Zvenigorod-ea1976-3020721-3022908.wav,в,72
Она дистанционно училась в Северодвинске.,http://lingconlab.ru/zvenigorod/OUT/2019-Zvenigorod-ea1976-3066568-3069994.wav,в,73
"И мы должны были в июле вот, двадцать второго июля должны были на вторую половину.",http://lingconlab.ru/zvenigorod/OUT/2019-Zvenigorod-ea1976-3226762-3232939.wav,в,74
"Туда, ну, в общем, без Насти...",http://lingconlab.ru/zvenigorod/OUT/2019-Zvenigorod-ea1976-3238327-3241615.wav,в,75
"Да, в девяносто третьем году я экзамен по английскому сдавала.",http://lingconlab.ru/zvenigorod/OUT/2019-Zvenigorod-ea1976-3375497-3379593.wav,в,76
"В общем, она обычно Наташку там Орлову просит проверить, а тут она меня.",http://lingconlab.ru/zvenigorod/OUT/2019-Zvenigorod-ea1976-3419647-3423683.wav,в,77
"И там, значит, надо было в ролях читать.",http://lingconlab.ru/zvenigorod/OUT/2019-Zvenigorod-ea1976-3425041-3427796.wav,в,78
Она должна была выучить текст и его рассказать в ролях.,http://lingconlab.ru/zvenigorod/OUT/2019-Zvenigorod-ea1976-3450244-3453975.wav,в,79
"И она, знаешь, так мне монотонно начала, а я не люблю монотонно, мне надо в ролях.",http://lingconlab.ru/zvenigorod/OUT/2019-Zvenigorod-ea1976-3453975-3458628.wav,в,80
"Вот, а= в общем, очень дорогой тоже, да.",http://lingconlab.ru/zvenigorod/OUT/2019-Zvenigorod-ea1976-3550486-3553770.wav,в,81
"двое в младенчестве, и один мальчик так постарше.",http://lingconlab.ru/zvenigorod/OUT/2019-Zvenigorod-li1950-87930-91260.wav,в,82
"А так вообще нас вот здесь четверо сестер живет, и одна у нас в Королеве.",http://lingconlab.ru/zvenigorod/OUT/2019-Zvenigorod-li1950-115750-120680.wav,в,83
"Тоже здесь, в Московской области, все вот проживали.",http://lingconlab.ru/zvenigorod/OUT/2019-Zvenigorod-li1950-120960-127030.wav,в,84
Роди= работал всегда в подсобном хозяйстве и ковал лошадей.,http://lingconlab.ru/zvenigorod/OUT/2019-Zvenigorod-li1950-134117-139330.wav,в,85
Кузнечик очень был такой известный в подсобном хозяйстве.,http://lingconlab.ru/zvenigorod/OUT/2019-Zvenigorod-li1950-148540-153220.wav,в,86
"И вот лошади, конечно, с= ходили, работали в подсобном хозяйстве.",http://lingconlab.ru/zvenigorod/OUT/2019-Zvenigorod-li1950-179420-183170.wav,в,87
"а именно в подсобном хозяйстве, которое раньше называлось ""Новостройка"".",http://lingconlab.ru/zvenigorod/OUT/2019-Zvenigorod-li1950-193140-196760.wav,в,88
"Тоже она в коровни= на коровнике там, ну а потом...",http://lingconlab.ru/zvenigorod/OUT/2019-Zvenigorod-li1950-203665-207965.wav,в,89
"В общем, от мала до велика.",http://lingconlab.ru/zvenigorod/OUT/2019-Zvenigorod-li1950-247415-250550.wav,в,90
"И все бегали в лесу, на полянах...",http://lingconlab.ru/zvenigorod/OUT/2019-Zvenigorod-li1950-250600-253820.wav,в,91
"Мы в ней купались, около нее загорали, бегали...",http://lingconlab.ru/zvenigorod/OUT/2019-Zvenigorod-li1950-263190-266290.wav,в,92
"В общем, вся еда наша была лесная.",http://lingconlab.ru/zvenigorod/OUT/2019-Zvenigorod-li1950-266390-270780.wav,в,93
"Шишечки от сосны, от елочки, в общем...",http://lingconlab.ru/zvenigorod/OUT/2019-Zvenigorod-li1950-270840-276620.wav,в,94
Всю весну мы питались в лесах с удовольствием.,http://lingconlab.ru/zvenigorod/OUT/2019-Zvenigorod-li1950-270840-276620.wav,в,95
"А училась я тоже в елецком с=, в введенской школе.",http://lingconlab.ru/zvenigorod/OUT/2019-Zvenigorod-li1950-283300-287845.wav,в,96
Вот учились в школе в елецкой до последнего.,http://lingconlab.ru/zvenigorod/OUT/2019-Zvenigorod-li1950-309000-317530.wav,в,97
"Это, в общем...",http://lingconlab.ru/zvenigorod/OUT/2019-Zvenigorod-li1950-364670-367900.wav,в,98
Первый муж у меня погиб молодым в аварии.,http://lingconlab.ru/zvenigorod/OUT/2019-Zvenigorod-li1950-453470-459920.wav,в,99
"В девяностом году мы сошлись с Володей,",http://lingconlab.ru/zvenigorod/OUT/2019-Zvenigorod-li1950-464190-468105.wav,в,100
"Более в позднем возрасте, когда сыночек вырос,",http://lingconlab.ru/zvenigorod/OUT/2019-Zvenigorod-li1950-502170-505890.wav,в,101
Он в подсобном хозяйстве также вырос.,http://lingconlab.ru/zvenigorod/OUT/2019-Zvenigorod-li1950-601915-604680.wav,в,102
"И учился также в Введенской школе, а потом, мы когда перехали, он уже в звенигородской школе в первой учился.",http://lingconlab.ru/zvenigorod/OUT/2019-Zvenigorod-li1950-604700-610330.wav,в,103
А так он рожден в подсобном хозяйстве и [нрзб] живет.,http://lingconlab.ru/zvenigorod/OUT/2019-Zvenigorod-li1950-610560-614460.wav,в,104
"Потом здесь он, в Звенигороде, а потом вот...",http://lingconlab.ru/zvenigorod/OUT/2019-Zvenigorod-li1950-650540-654380.wav,в,105
"В смысле не еду, а просфоры пекла.",http://lingconlab.ru/zvenigorod/OUT/2019-Zvenigorod-li1950-698610-701330.wav,в,106
"И дети наши... в= все внучки причащаются там, сыночек в ха= в холле...",http://lingconlab.ru/zvenigorod/OUT/2019-Zvenigorod-li1950-766360-771960.wav,в,107
"Я сижу, вот села в огороде, где бы она ни лежала, увидела, что я села - прибежит ко мне.",http://lingconlab.ru/zvenigorod/OUT/2019-Zvenigorod-li1950-938260-944950.wav,в,108
"У нас друг у сына приходил и всегда говорил: ""Человек в собачьей шкуре"".",http://lingconlab.ru/zvenigorod/OUT/2019-Zvenigorod-li1950-1102730-1109950.wav,в,109
"Сперва стояла фотография, а в этом году уже убрала - как-то мне... П= На нее посмотрю - и тяжело, вспоминаю, говорю: ""Не надо"".",http://lingconlab.ru/zvenigorod/OUT/2019-Zvenigorod-li1950-1132910-1141510.wav,в,110
"Выступает тоже везде в военной форме уже, пять лет ему.",http://lingconlab.ru/zvenigorod/OUT/2019-Zvenigorod-li1950-1196550-1200860.wav,в,111
Вот будет в авгус=... в сентябре.,http://lingconlab.ru/zvenigorod/OUT/2019-Zvenigorod-li1950-1328230-1334030.wav,в,112
"Она раньше и к нам приходила, еще в прошлом году, сейчас уже... не поднимается, больше по городе.",http://lingconlab.ru/zvenigorod/OUT/2019-Zvenigorod-li1950-1335770-1343940.wav,в,113
"А мы часто видимся в городе,",http://lingconlab.ru/zvenigorod/OUT/2019-Zvenigorod-li1950-1335770-1343940.wav,в,114
"Она в полном здравии, так вот...",http://lingconlab.ru/zvenigorod/OUT/2019-Zvenigorod-li1950-1346580-1353280.wav,в,115
"Работала в Монголии - ее направили от производства, да.",http://lingconlab.ru/zvenigorod/OUT/2019-Zvenigorod-li1950-1389930-1394840.wav,в,116
"Вот, а потом уже здесь, в детском саду она была.",http://lingconlab.ru/zvenigorod/OUT/2019-Zvenigorod-li1950-1400360-1404490.wav,в,117
"То не в том районе дается квартира, то там, то там...",http://lingconlab.ru/zvenigorod/OUT/2019-Zvenigorod-li1950-1484080-1490250.wav,в,118
"То управление, да, в том упра= уп= управлении, потому что там уже прошло время, и начали говорить...",http://lingconlab.ru/zvenigorod/OUT/2019-Zvenigorod-li1950-1541760-1552960.wav,в,119
"И в Москве я работала, когда у них управление переехало...",http://lingconlab.ru/zvenigorod/OUT/2019-Zvenigorod-li1950-1615800-1624020.wav,в,120
"А там целая семья; им, конечно, удобнее тоже в своей семье.",http://lingconlab.ru/zvenigorod/OUT/2019-Zvenigorod-li1950-1714720-1721170.wav,в,121
Но у нас место есть в садике.,http://lingconlab.ru/zvenigorod/OUT/2019-Zvenigorod-li1950-1740945-1743055.wav,в,122
"Три, три; старшая-то там живет, а эти две вот последние здесь, в этом доме они живут, в родительском...",http://lingconlab.ru/zvenigorod/OUT/2019-Zvenigorod-li1950-1809980-1815630.wav,в,123
"Так что Василиса наша ходит в садик, а с Ксюшей они в одной группе.",http://lingconlab.ru/zvenigorod/OUT/2019-Zvenigorod-li1950-1820570-1826320.wav,в,124
"Сейчас я скажу, вот он в этом, в Шихово... Юридический.",http://lingconlab.ru/zvenigorod/OUT/2019-Zvenigorod-li1950-1927750-1932510.wav,в,125
"Вот в основном вот такие цветы, которые многолетние.",http://lingconlab.ru/zvenigorod/OUT/2019-Zvenigorod-li1950-2091060-2096540.wav,в,126
"Я больше сейчас, знаете как, вот в духовном сейчас этом... как...",http://lingconlab.ru/zvenigorod/OUT/2019-Zvenigorod-li1950-2296200-2301730.wav,в,127
В основном о губернаторе.,http://lingconlab.ru/zvenigorod/OUT/2019-Zvenigorod-li1950-2367540-2373990.wav,в,128
В этом году приходит мне...,http://lingconlab.ru/zvenigorod/OUT/2019-Zvenigorod-li1950-2397860-2404510.wav,в,129
"Но в этом году приходит мне никаких ни квитанций, ни писем - ничего не было, и вдруг приходит письмо из налоговой, и:",http://lingconlab.ru/zvenigorod/OUT/2019-Zvenigorod-li1950-2424730-2432830.wav,в,130
"Начислили, в общем...",http://lingconlab.ru/zvenigorod/OUT/2019-Zvenigorod-li1950-2438280-2445370.wav,в,131
"И, в общем, вот такая пришла путаница...",http://lingconlab.ru/zvenigorod/OUT/2019-Zvenigorod-li1950-2454130-2462500.wav,в,132
"Мы пришли в живую очередь, и вот в результате вот так.",http://lingconlab.ru/zvenigorod/OUT/2019-Zvenigorod-li1950-2584840-2589570.wav,в,133
"А сейчас в основном у нас есть прихожане такие - я на автобус прихожу, они раньше едут и меня всегда довозят до храма, а потом обратно прямо до дома довозят.",http://lingconlab.ru/zvenigorod/OUT/2019-Zvenigorod-li1950-2637820-2647690.wav,в,134
"И вот те жили, значит, в этой комнате, где...",http://lingconlab.ru/zvenigorod/OUT/2019-Zvenigorod-li1950-2669360-2674550.wav,в,135
"Де= Младшие, наверно, в новой, вот так я думаю, старшие - там.",http://lingconlab.ru/zvenigorod/OUT/2019-Zvenigorod-li1950-2710070-2717940.wav,в,136
Но он в основном находится в монастыре сейчас почему-то.,http://lingconlab.ru/zvenigorod/OUT/2019-Zvenigorod-li1950-2746170-2749950.wav,в,137
"Оксана ходит с девочкой туда, и у них во дворе там вот это... площадка детская теперь есть,",http://lingconlab.ru/zvenigorod/OUT/2019-Zvenigorod-li1950-2927660-2933170.wav,в,138
"А так она как бы в полном здравии, все хорошо.",http://lingconlab.ru/zvenigorod/OUT/2019-Zvenigorod-li1950-2939320-2946730.wav,в,139
В Подмосковье.,http://lingconlab.ru/zvenigorod/OUT/2019-Zvenigorod-oa1975-30018-33618.wav,в,140
С четвёртого класса в первой школе Звенигородской.,http://lingconlab.ru/zvenigorod/OUT/2019-Zvenigorod-oa1975-41503-45009.wav,в,141
"Языки были у нас, в общем, изучались немецкий, английский, но так как у меня спецшкола была в Тамбове с немецким языком, я попала в класс с немецким языком.",http://lingconlab.ru/zvenigorod/OUT/2019-Zvenigorod-oa1975-52044-64683.wav,в,142
"соучеников обгоняла, и потом, наверное, классе в пятом",http://lingconlab.ru/zvenigorod/OUT/2019-Zvenigorod-oa1975-73466-78525.wav,в,143
в шестом я с ними сравнялась,http://lingconlab.ru/zvenigorod/OUT/2019-Zvenigorod-oa1975-79202-82086.wav,в,144
А в одиннадцатом классе у нас вообще уже немецкого языка не было.,http://lingconlab.ru/zvenigorod/OUT/2019-Zvenigorod-oa1975-93094-97746.wav,в,145
"Потом институт, но в институте уже было специализированный язык, и много было других",http://lingconlab.ru/zvenigorod/OUT/2019-Zvenigorod-oa1975-97746-108205.wav,в,146
"всяких занятий, было как бы не до языка до немецкого и, в общем, всё это ушло… ну, никуда, практически.",http://lingconlab.ru/zvenigorod/OUT/2019-Zvenigorod-oa1975-108205-116293.wav,в,147
"Я ездила, и в общежитии жила частично.",http://lingconlab.ru/zvenigorod/OUT/2019-Zvenigorod-oa1975-148063-150853.wav,в,148
"Нет, там был кто распоряжался общежитием, он учился с моей мамой в одной группе, и, конечно, он не мог маме отказать",http://lingconlab.ru/zvenigorod/OUT/2019-Zvenigorod-oa1975-158669-165970.wav,в,149
в такой небольшой просьбе - предоставить мес=,http://lingconlab.ru/zvenigorod/OUT/2019-Zvenigorod-oa1975-165970-170211.wav,в,150
"Ну, в общем, милиции.",http://lingconlab.ru/zvenigorod/OUT/2019-Zvenigorod-oa1975-221209-226552.wav,в,151
"УВД, в общем.",http://lingconlab.ru/zvenigorod/OUT/2019-Zvenigorod-oa1975-226552-232071.wav,в,152
"А в восемьдесят, значит, пятом году его переводят сюда, в Звенигород, начальником санатория МВД.",http://lingconlab.ru/zvenigorod/OUT/2019-Zvenigorod-oa1975-232071-240262.wav,в,153
А в девяносто шестом году он выбирается мэром города Звенигорода,http://lingconlab.ru/zvenigorod/OUT/2019-Zvenigorod-oa1975-240262-246545.wav,в,154
"А в двухтысячном он уже второй раз не выбирается, и он заканчивает свою трудовую деятельность директором гостиницы «Звенигород».",http://lingconlab.ru/zvenigorod/OUT/2019-Zvenigorod-oa1975-246545-255604.wav,в,155
"А потом мы, в общем, решили продать квартиру, они там что-то своё захотели.",http://lingconlab.ru/zvenigorod/OUT/2019-Zvenigorod-oa1975-304069-309909.wav,в,156
"Мы же с перерывами, мы возвращались, уезжали, ну, в общем, в общей сложности четыре года первый заезд.",http://lingconlab.ru/zvenigorod/OUT/2019-Zvenigorod-oa1975-367139-374313.wav,в,157
"Нет, уже [нрзб] жить, но уже именно в Софии, не работать, а вот как бы жить там",http://lingconlab.ru/zvenigorod/OUT/2019-Zvenigorod-oa1975-392698-397559.wav,в,158
"В общем, посольских там",http://lingconlab.ru/zvenigorod/OUT/2019-Zvenigorod-oa1975-539095-541436.wav,в,159
"держали в узде, потому что они посольские, и если они там что-то там сделают не так, то их родителей выгонят с работы.",http://lingconlab.ru/zvenigorod/OUT/2019-Zvenigorod-oa1975-543070-550557.wav,в,160
"Там было очень много болгар, болгар держали там с таким условием, что, в общем будете себя плохо вести - мы вообще вас, болгар, не обязаны учить в нашей русской школе.",http://lingconlab.ru/zvenigorod/OUT/2019-Zvenigorod-oa1975-550557-560488.wav,в,161
"А нас, русских, держали, потому что они вот тоже такие щедрые, они готовы нас учить, в общем-то, на всех такой прессинг был.",http://lingconlab.ru/zvenigorod/OUT/2019-Zvenigorod-oa1975-560488-568025.wav,в,162
"А что меня поразило, например, вот после там= после Тамбова, когда я приехала, я там училась такая ну была как бы элитная школа, да, всё-таки в спецшколах всегда распределялись",http://lingconlab.ru/zvenigorod/OUT/2019-Zvenigorod-oa1975-606584-616338.wav,в,163
"То есть да, вот этот уровень общения он в принципе моих детей вот он тоже не устраивает",http://lingconlab.ru/zvenigorod/OUT/2019-Zvenigorod-oa1975-668796-673442.wav,в,164
"Ну вот, и немножко вот, в общем, общение не устраивает.",http://lingconlab.ru/zvenigorod/OUT/2019-Zvenigorod-oa1975-691642-697058.wav,в,165
"Семьи-то всё равно семьи есть, с которыми дружим, мы так в принципе и дружим, семьями, да?",http://lingconlab.ru/zvenigorod/OUT/2019-Zvenigorod-oa1975-718867-725717.wav,в,166
"То есть, в случае чего, я там позвоню твоей маме, я знаю, что, вот там, меня выручат или там к папе там всегда могу обратиться, да ну вот как я тебе скажу - приятельские, хорошие приятельские.",http://lingconlab.ru/zvenigorod/OUT/2019-Zvenigorod-oa1975-746856-757372.wav,в,167
"Три года можно не звонить, в принципе, вполне.",http://lingconlab.ru/zvenigorod/OUT/2019-Zvenigorod-oa1975-766231-777944.wav,в,168
"Общаемся, видимся, да, так, ну вот больше вот в церкви.",http://lingconlab.ru/zvenigorod/OUT/2019-Zvenigorod-oa1975-828245-835943.wav,в,169
"То есть, считай вот, в принципе, вот",http://lingconlab.ru/zvenigorod/OUT/2019-Zvenigorod-oa1975-863426-867044.wav,в,170
"Вот как мама твоя, да, она, у неё нет там интересов в песочнице сидеть.",http://lingconlab.ru/zvenigorod/OUT/2019-Zvenigorod-oa1975-886045-899475.wav,в,171
"Бабушкам это на лавочке, у них свои интересы там, молодые - свои интересы в школе.",http://lingconlab.ru/zvenigorod/OUT/2019-Zvenigorod-oa1975-952457-958150.wav,в,172
У неё в лучшем случае было три.,http://lingconlab.ru/zvenigorod/OUT/2019-Zvenigorod-oa1975-1111644-1113696.wav,в,173
"И в общем всё что дизайн у нас, всё что рисование, всё что вот это связано",http://lingconlab.ru/zvenigorod/OUT/2019-Zvenigorod-oa1975-1119163-1123500.wav,в,174
"И потом она, в общем, сдала русский, математику.",http://lingconlab.ru/zvenigorod/OUT/2019-Zvenigorod-oa1975-1140948-1146193.wav,в,175
"Пошла она, значит, здесь, в Звенигороде, в магазин",http://lingconlab.ru/zvenigorod/OUT/2019-Zvenigorod-oa1975-1168667-1171666.wav,в,176
"Эту историю, да, то есть она подрабатывала, и ей это нравилось, в общем, вся она была в восторге, мечтала о своём цветочном магазине.",http://lingconlab.ru/zvenigorod/OUT/2019-Zvenigorod-oa1975-1177514-1185448.wav,в,177
"В общем, пошла она сюда.",http://lingconlab.ru/zvenigorod/OUT/2019-Zvenigorod-oa1975-1185448-1187639.wav,в,178
"Ну, в общем, насчитали, ты-ты-ты-ты, и дали ей восемь тысяч за целый месяц.",http://lingconlab.ru/zvenigorod/OUT/2019-Zvenigorod-oa1975-1191920-1196342.wav,в,179
"Она, конечно, так расстроилась, говорит, я у них работать не буду, ну, в общем, здесь-то она ушла тоже.",http://lingconlab.ru/zvenigorod/OUT/2019-Zvenigorod-oa1975-1196342-1201190.wav,в,180
Ну давай тебе магазин в Москве откроем.,http://lingconlab.ru/zvenigorod/OUT/2019-Zvenigorod-oa1975-1204448-1208977.wav,в,181
В Москве там.,http://lingconlab.ru/zvenigorod/OUT/2019-Zvenigorod-oa1975-1208977-1214688.wav,в,182
Ну и как-то в общем мы… не пошло у неё.,http://lingconlab.ru/zvenigorod/OUT/2019-Zvenigorod-oa1975-1214688-1217621.wav,в,183
"Ну, в общем что-то как-то не то место было.",http://lingconlab.ru/zvenigorod/OUT/2019-Zvenigorod-oa1975-1228075-1233245.wav,в,184
"Ну в общем в результате с магазином мы это дело закрыли, конечно, денюжку мы потеряли.",http://lingconlab.ru/zvenigorod/OUT/2019-Zvenigorod-oa1975-1251109-1258526.wav,в,185
"Но она такой опыт в общем приобрела, что она сама свой бизнес не хочет.",http://lingconlab.ru/zvenigorod/OUT/2019-Zvenigorod-oa1975-1258526-1263078.wav,в,186
"Она поняла, что ну в общем это такая морока, и она не гото= ну, молодая, что, девчонка-то совсем, там ей было ещё, восемнадцати-то ей ещё по-моему не было.",http://lingconlab.ru/zvenigorod/OUT/2019-Zvenigorod-oa1975-1263078-1279649.wav,в,187
"В начале, конечно, все нравилось там, бизнес свой, вот там такая она была воодушевлённая, потом, ну не очень.",http://lingconlab.ru/zvenigorod/OUT/2019-Zvenigorod-oa1975-1279649-1287920.wav,в,188
"В общем, закрыли мы магазин.",http://lingconlab.ru/zvenigorod/OUT/2019-Zvenigorod-oa1975-1287920-1290323.wav,в,189
"Мы ехали по всем пробкам, а у неё опыт-то вождения был маленький, ну, в общем, она стукнулась, потом…",http://lingconlab.ru/zvenigorod/OUT/2019-Zvenigorod-oa1975-1316542-1322754.wav,в,190
"Ну, они с Маринкой ехали, ну там получилось у нас в общем как - мы к родственникам ехали, нам надо было на двух машинах ехать, и мы просто не усаживались, все вместе.",http://lingconlab.ru/zvenigorod/OUT/2019-Zvenigorod-oa1975-1322754-1330619.wav,в,191
"А надо было туда за Дмитровское шоссе, и суббота, в общем, ну как-то прямо всё тяжело было.",http://lingconlab.ru/zvenigorod/OUT/2019-Zvenigorod-oa1975-1330619-1335662.wav,в,192
"Вот, и потом, ну, всё восстановили, всё нормально, и второй раз она опять же на этой же машине она под Рождество, то есть это уже вот первый раз она в мае попала, в начале мая, в аварию,",http://lingconlab.ru/zvenigorod/OUT/2019-Zvenigorod-oa1975-1335662-1347311.wav,в,193
"И видимо вот, вот это всё - колёса, сцепление, лёд, дорога там в общем, просто её вот на Риге - где вот эта пирамида, знаешь, да?",http://lingconlab.ru/zvenigorod/OUT/2019-Zvenigorod-oa1975-1354617-1363726.wav,в,194
"папа наш на службе, он же па= пел в хоре,",http://lingconlab.ru/zvenigorod/OUT/2019-Zvenigorod-oa1975-1400983-1404404.wav,в,195
"ну садится, то есть пока он до неё доехал, там надо было развернуться, пока, в общем, они, он шёл ей там взял одежду там, потому что, конечно, она продрогла, вся на нервах ещё.",http://lingconlab.ru/zvenigorod/OUT/2019-Zvenigorod-oa1975-1410236-1420289.wav,в,196
"Вот в этой в круглой шапочке жокейской,",http://lingconlab.ru/zvenigorod/OUT/2019-Zvenigorod-oa1975-1441552-1444633.wav,в,197
"в жилеточке в этой в жокейской,",http://lingconlab.ru/zvenigorod/OUT/2019-Zvenigorod-oa1975-1444633-1447884.wav,в,198
"[нрзб] А я, в общем, боялась вообще вот этих всех, я вообще лошадей боюсь",http://lingconlab.ru/zvenigorod/OUT/2019-Zvenigorod-oa1975-1453945-1457785.wav,в,199
"У меня вообще был шок, у меня ребёнок в конюшне, вот то что я не могла вообще принять на себя, у меня ребёнок в конюшне, а она одна на лошадях, и я ей сказала, если, говорю, ты упадёшь, ты туда ходить не будешь, будешь часто вот спину ломают.",http://lingconlab.ru/zvenigorod/OUT/2019-Zvenigorod-oa1975-1462445-1473342.wav,в,200
"Ну, здесь в Звенигороде она не хотела работать, и когда Рига Молл открывался, знаешь, да?",http://lingconlab.ru/zvenigorod/OUT/2019-Zvenigorod-oa1975-1489593-1496458.wav,в,201
"Там, в общем, шикарные букеты, по пятнадцать, по двадцать, по тридцать тысяч, то есть там такой уровень вот, ну вот, именно не то, что как у нас там три розы...",http://lingconlab.ru/zvenigorod/OUT/2019-Zvenigorod-oa1975-1514073-1523850.wav,в,202
"И вот, и в общем…",http://lingconlab.ru/zvenigorod/OUT/2019-Zvenigorod-oa1975-1538065-1542976.wav,в,203
"знаешь, планировки, только цвет не бордовый, а такой тёмно-серый, но в принципе ей тоже нравился.",http://lingconlab.ru/zvenigorod/OUT/2019-Zvenigorod-oa1975-1561655-1567559.wav,в,204
Вот в её плане не было окна.,http://lingconlab.ru/zvenigorod/OUT/2019-Zvenigorod-oa1975-1571005-1573396.wav,в,205
"А вот у этой линии, она в общем внутри, в глубине.",http://lingconlab.ru/zvenigorod/OUT/2019-Zvenigorod-oa1975-1598633-1601244.wav,в,206
"И она мне говорит - ну всё хорошо, говорит, но вот без света дневного, представляешь, вот в сером свете, чёрная мебель такая кругом, и вот сидеть вот в этом таком в рассеянном… да, конечно, там всё очень красиво, магазин вообще очень красивый, вот там дизайнеры оформляли там, ну, супер.",http://lingconlab.ru/zvenigorod/OUT/2019-Zvenigorod-oa1975-1601244-1614553.wav,в,207
"вот, осенью у неё подружка в Эмиратах жила.",http://lingconlab.ru/zvenigorod/OUT/2019-Zvenigorod-oa1975-1639846-1644618.wav,в,208
"В общем, ну, любовник там у подружки какой-то богатый.",http://lingconlab.ru/zvenigorod/OUT/2019-Zvenigorod-oa1975-1644618-1649029.wav,в,209
"И она, в общем, два месяца у них проработала.",http://lingconlab.ru/zvenigorod/OUT/2019-Zvenigorod-oa1975-1670766-1673420.wav,в,210
"Как-то вот прям вот вымирают все сезоны, и, в общем, эти девочки хохлушки взвыли.",http://lingconlab.ru/zvenigorod/OUT/2019-Zvenigorod-oa1975-1697324-1702878.wav,в,211
"В общем ей пообещали высокую зарплату, они там ей две тысячи долларов пообещали.",http://lingconlab.ru/zvenigorod/OUT/2019-Zvenigorod-oa1975-1702878-1707121.wav,в,212
"И они, в общем, не могут ей платить.",http://lingconlab.ru/zvenigorod/OUT/2019-Zvenigorod-oa1975-1717337-1719974.wav,в,213
"И как-то, ну, она, в общем, она решила просто вернуться,",http://lingconlab.ru/zvenigorod/OUT/2019-Zvenigorod-oa1975-1723045-1726393.wav,в,214
"Да, ну это в Москве сейчас зарплат таких нет, то есть это комната, она жила там, индусы какие-то,",http://lingconlab.ru/zvenigorod/OUT/2019-Zvenigorod-oa1975-1784834-1791641.wav,в,215
"кто-то там американец какой-то, ну, в общем, какая-то там сборная солянка, какая-то там была.",http://lingconlab.ru/zvenigorod/OUT/2019-Zvenigorod-oa1975-1791641-1798668.wav,в,216
"Ну, там же не в шенгене.",http://lingconlab.ru/zvenigorod/OUT/2019-Zvenigorod-oa1975-1825143-1826979.wav,в,217
"Ну, не знаю, чего дальше, в общем, сейчас она вся в депрессии, и она говорит, мне, говорит, уже надоело и флористом быть.",http://lingconlab.ru/zvenigorod/OUT/2019-Zvenigorod-oa1975-1880410-1886708.wav,в,218
"Там, вот ты в ресторане работаешь там, или ты там, я не знаю,",http://lingconlab.ru/zvenigorod/OUT/2019-Zvenigorod-oa1975-1912577-1916461.wav,в,219
"в фитнес-зале каком-то работаешь там, ну неважно кем, но вот ты там находишься, там администратором там.",http://lingconlab.ru/zvenigorod/OUT/2019-Zvenigorod-oa1975-1916461-1921910.wav,в,220
"Ну учителем в школе там, ну вот где ты себя бы видела вот?",http://lingconlab.ru/zvenigorod/OUT/2019-Zvenigorod-oa1975-1924248-1928519.wav,в,221
"Там в гостинице, в офисе ли, секретарём ли, менеджер, ну, опять же, неважно кем, водителем там,",http://lingconlab.ru/zvenigorod/OUT/2019-Zvenigorod-oa1975-1928519-1935176.wav,в,222
"[нрзб] всё ничего, но у нее машина в кредите.",http://lingconlab.ru/zvenigorod/OUT/2019-Zvenigorod-oa1975-1956305-1961796.wav,в,223
"Она у неё в кредите, вот и...",http://lingconlab.ru/zvenigorod/OUT/2019-Zvenigorod-oa1975-1993168-1996360.wav,в,224
"Вот здесь у нас в Звенигороде всё требовался продавец, всё они",http://lingconlab.ru/zvenigorod/OUT/2019-Zvenigorod-oa1975-1999778-2003728.wav,в,225
"Да, там какая-то База Цветов что ли, как-то она называется, в общем, туда.",http://lingconlab.ru/zvenigorod/OUT/2019-Zvenigorod-oa1975-2047765-2050999.wav,в,226
"Ну, она здесь, в Звенигороде не хочет, всё ей тут ничего не нравится, в Москву ездить ей не хочется, потому что и дорога, и, ну и тяжёло всё-таки в Москве, правда?",http://lingconlab.ru/zvenigorod/OUT/2019-Zvenigorod-oa1975-2050999-2059713.wav,в,227
Ну куда мне тут в Звенигороде ездить?,http://lingconlab.ru/zvenigorod/OUT/2019-Zvenigorod-oa1975-2096654-2104415.wav,в,228
"Вот, вот, да, вот в семье, конечно, она должна быть.",http://lingconlab.ru/zvenigorod/OUT/2019-Zvenigorod-oa1975-2119464-2123135.wav,в,229
"А она как-то, в общем, у неё постоянно выходит скидка, в общем, что-то там она делает, что у неё постоянно скидка выходит.",http://lingconlab.ru/zvenigorod/OUT/2019-Zvenigorod-oa1975-2144753-2150217.wav,в,230
"И, ну, [нрзб] в Москве сейчас вот эти вот ещё...",http://lingconlab.ru/zvenigorod/OUT/2019-Zvenigorod-oa1975-2209663-2214734.wav,в,231
И в Москве правда стал транспорт хороший общественный.,http://lingconlab.ru/zvenigorod/OUT/2019-Zvenigorod-oa1975-2276005-2279215.wav,в,232
"А, в общем, уезжает один, через три минуты приезжает другой.",http://lingconlab.ru/zvenigorod/OUT/2019-Zvenigorod-oa1975-2299437-2306216.wav,в,233
"Вот, и все копейки стоят, я считаю сто рублей там, в Москве - это уже можно передвигаться.",http://lingconlab.ru/zvenigorod/OUT/2019-Zvenigorod-oa1975-2313656-2318361.wav,в,234
"директор, ну, в общем, ну, знакомая, да, познакомились мы.",http://lingconlab.ru/zvenigorod/OUT/2019-Zvenigorod-oa1975-2333767-2336655.wav,в,235
"В общем, она девять классов закончила.",http://lingconlab.ru/zvenigorod/OUT/2019-Zvenigorod-oa1975-2372269-2374737.wav,в,236
"В Москве мы с ней встречаемся там,",http://lingconlab.ru/zvenigorod/OUT/2019-Zvenigorod-oa1975-2414835-2416893.wav,в,237
"там, в этой ситуации уже ругаться как бы не стоит, когда у ребёнка истерика, то есть там понятно, говорю, всё, садись, я пойду [нрзб] да.",http://lingconlab.ru/zvenigorod/OUT/2019-Zvenigorod-oa1975-2488598-2497513.wav,в,238
"Ну они, в общем, ей заново всё сделали, всё там поменяли.",http://lingconlab.ru/zvenigorod/OUT/2019-Zvenigorod-oa1975-2499589-2506929.wav,в,239
"Поэтому в школе, конечно, не смогли.",http://lingconlab.ru/zvenigorod/OUT/2019-Zvenigorod-oa1975-2524971-2528320.wav,в,240
"Ей там очень нравилось, она там привыкла в школе, друзья, ну, вот уже там",http://lingconlab.ru/zvenigorod/OUT/2019-Zvenigorod-oa1975-2535719-2539841.wav,в,241
"финансовая вот эта вот такая составляющая, что мы как бы уже ну на уровень ну очень упали очень ну резко там шес= ну в общем папу там обманули его по бизнесу.",http://lingconlab.ru/zvenigorod/OUT/2019-Zvenigorod-oa1975-2561821-2571997.wav,в,242
"Нас, не знаю, как в нашей школе нас терпели, потому что она просто в школу не ходила.",http://lingconlab.ru/zvenigorod/OUT/2019-Zvenigorod-oa1975-2654388-2661392.wav,в,243
Ну как-то в общем [нрзб] причём мы-то писали заявление как бы,http://lingconlab.ru/zvenigorod/OUT/2019-Zvenigorod-oa1975-2661392-2665541.wav,в,244
"То есть мы шли не в списке классов на экзамены, на экзамены она шла, а отдельно.",http://lingconlab.ru/zvenigorod/OUT/2019-Zvenigorod-oa1975-2675022-2681343.wav,в,245
"В общем, отдельно на неё был журнал, в общем, как она как, ну как [нрзб] наверное, так, в общем, её так и не зачислили в класс,",http://lingconlab.ru/zvenigorod/OUT/2019-Zvenigorod-oa1975-2681343-2688321.wav,в,246
"хотя вообще, она как бы вот, в журнале в классном она была написана.",http://lingconlab.ru/zvenigorod/OUT/2019-Zvenigorod-oa1975-2688321-2692613.wav,в,247
"Ну да ладно, в общем, девять классов зав= нормально она сдала всё, или опять же на эти на четвёрки там, ну математику на тройку по-моему, да, математика.",http://lingconlab.ru/zvenigorod/OUT/2019-Zvenigorod-oa1975-2692613-2699884.wav,в,248
"И, в общем, пока подзависла.",http://lingconlab.ru/zvenigorod/OUT/2019-Zvenigorod-oa1975-2719861-2722998.wav,в,249
"В общем, обучение стоит там порядка двух тысяч евро.",http://lingconlab.ru/zvenigorod/OUT/2019-Zvenigorod-oa1975-2747477-2750628.wav,в,250
"в аэропорту официанткой, потом с двенадцати до шести она учится, ну, там, с переездами там, плюс-минус там, ну",http://lingconlab.ru/zvenigorod/OUT/2019-Zvenigorod-oa1975-2758985-2765525.wav,в,251
"То есть там ей всё нравится, она уже разговаривает там, она уже в общем там",http://lingconlab.ru/zvenigorod/OUT/2019-Zvenigorod-oa1975-2772624-2778030.wav,в,252
"[нрзб] какую-то профессию получить, сейчас можно курсами учиться, в принципе.",http://lingconlab.ru/zvenigorod/OUT/2019-Zvenigorod-oa1975-2785083-2789958.wav,в,253
"Она вот, я говорю, в спецшколе училась когда, Маришка-то, она вот этих там двадцать английских слов в двадцать-тридцать минут запоминала.",http://lingconlab.ru/zvenigorod/OUT/2019-Zvenigorod-oa1975-2872549-2879240.wav,в,254
В принципе.,http://lingconlab.ru/zvenigorod/OUT/2019-Zvenigorod-oa1975-3042170-3045890.wav,в,255
"Вот дети в песочнице, вот правда.",http://lingconlab.ru/zvenigorod/OUT/2019-Zvenigorod-oa1975-3063709-3069593.wav,в,256
И я не состоялась в профессии.,http://lingconlab.ru/zvenigorod/OUT/2019-Zvenigorod-oa1975-3132219-3135345.wav,в,257
"Вот в этом возрасте идти там с два=с двадцатилетними девчонками учиться, ну там ладно, двадцатипятилетними.",http://lingconlab.ru/zvenigorod/OUT/2019-Zvenigorod-oa1975-3152457-3157725.wav,в,258
и я поняла что я не хочу быть в этой системе.,http://lingconlab.ru/zvenigorod/OUT/2019-Zvenigorod-oa1975-3168567-3172218.wav,в,259
всё хочет вот в таких вот туфлях.,http://lingconlab.ru/zvenigorod/OUT/2019-Zvenigorod-oa1975-3269252-3272545.wav,в,260
"Значит, я переучилась во всех школах города Звенигорода.",http://lingconlab.ru/zvenigorod/OUT/2019-Zvenigorod-om1973-76424-80684.wav,в,261
"Вот, и два года я училась вот на Маяковке в первой школе.",http://lingconlab.ru/zvenigorod/OUT/2019-Zvenigorod-om1973-210533-216107.wav,в,262
Очень был большой скандал в городе.,http://lingconlab.ru/zvenigorod/OUT/2019-Zvenigorod-om1973-258786-263163.wav,в,263
"Ну, в общем, ее подчистую, что-то там такое вот было.",http://lingconlab.ru/zvenigorod/OUT/2019-Zvenigorod-om1973-264213-266927.wav,в,264
Кабинет находился в отдельном здании.,http://lingconlab.ru/zvenigorod/OUT/2019-Zvenigorod-om1973-303801-306347.wav,в,265
И в нем две комнатки.,http://lingconlab.ru/zvenigorod/OUT/2019-Zvenigorod-om1973-314011-316103.wav,в,266
А в течении этой недели,http://lingconlab.ru/zvenigorod/OUT/2019-Zvenigorod-om1973-351135-353002.wav,в,267
"Значит, кто-то идет посуду моет, там прям мулехались в этой раковине.",http://lingconlab.ru/zvenigorod/OUT/2019-Zvenigorod-om1973-511144-517951.wav,в,268
"И только в самом самом конце, после седьмого урока нас самих кормили.",http://lingconlab.ru/zvenigorod/OUT/2019-Zvenigorod-om1973-522596-529305.wav,в,269
Это сейчас вот детей ограничивают во всем.,http://lingconlab.ru/zvenigorod/OUT/2019-Zvenigorod-om1973-560240-563448.wav,в,270
И в конце чеверти наша учительница вдруг спахватывалась.,http://lingconlab.ru/zvenigorod/OUT/2019-Zvenigorod-om1973-571061-575891.wav,в,271
"""А оценок-то в журнале нет!""",http://lingconlab.ru/zvenigorod/OUT/2019-Zvenigorod-om1973-576213-578236.wav,в,272
"потому что я училась-то, в принципе, неплохо.",http://lingconlab.ru/zvenigorod/OUT/2019-Zvenigorod-om1973-656721-659342.wav,в,273
"Вот, кое-как, худо-бедно я так на четверку себе натянула в конце концов.",http://lingconlab.ru/zvenigorod/OUT/2019-Zvenigorod-om1973-673508-678535.wav,в,274
работала в нашем музее при монастыре.,http://lingconlab.ru/zvenigorod/OUT/2019-Zvenigorod-om1973-791377-794826.wav,в,275
Как-то у меня не было такой надобности в жизни.,http://lingconlab.ru/zvenigorod/OUT/2019-Zvenigorod-om1973-865286-868679.wav,в,276
родился в горде Луцк.,http://lingconlab.ru/zvenigorod/OUT/2019-Zvenigorod-om1973-911250-913139.wav,в,277
"Дело в том, что...",http://lingconlab.ru/zvenigorod/OUT/2019-Zvenigorod-om1973-920983-922170.wav,в,278
"Они переезжали из города в город и вот где-то, чего-то они служили в этом Луцке",http://lingconlab.ru/zvenigorod/OUT/2019-Zvenigorod-om1973-929994-935469.wav,в,279
он прожил в городе Звенигороде.,http://lingconlab.ru/zvenigorod/OUT/2019-Zvenigorod-om1973-943979-946093.wav,в,280
В снегах.,http://lingconlab.ru/zvenigorod/OUT/2019-Zvenigorod-om1973-980111-980901.wav,в,281
в Капьяре.,http://lingconlab.ru/zvenigorod/OUT/2019-Zvenigorod-om1973-989362-991019.wav,в,282
И они так вот в этом городке жили.,http://lingconlab.ru/zvenigorod/OUT/2019-Zvenigorod-om1973-1031067-1034302.wav,в,283
"Живет она в этом Фунькове,",http://lingconlab.ru/zvenigorod/OUT/2019-Zvenigorod-om1973-1046890-1048852.wav,в,284
"все потемнело в глазах"".",http://lingconlab.ru/zvenigorod/OUT/2019-Zvenigorod-om1973-1152100-1154044.wav,в,285
"В общем, так она пришла в выводу, что девочка-то эта подшутила над ней.",http://lingconlab.ru/zvenigorod/OUT/2019-Zvenigorod-om1973-1185049-1189227.wav,в,286
ветер в голове был.,http://lingconlab.ru/zvenigorod/OUT/2019-Zvenigorod-om1973-1247484-1248989.wav,в,287
"в Москве - нигде, ни в одном институте",http://lingconlab.ru/zvenigorod/OUT/2019-Zvenigorod-om1973-1283287-1286064.wav,в,288
А учили в Санкт-Петербурге.,http://lingconlab.ru/zvenigorod/OUT/2019-Zvenigorod-om1973-1288797-1290446.wav,в,289
"Ну, причем оказалось, что учили в лесной академии,",http://lingconlab.ru/zvenigorod/OUT/2019-Zvenigorod-om1973-1292127-1295158.wav,в,290
когда в нашей стране,http://lingconlab.ru/zvenigorod/OUT/2019-Zvenigorod-om1973-1391440-1393146.wav,в,291
Мама прибежала вся в ужасе.,http://lingconlab.ru/zvenigorod/OUT/2019-Zvenigorod-om1973-1472962-1477471.wav,в,292
В небольшой такой фирме.,http://lingconlab.ru/zvenigorod/OUT/2019-Zvenigorod-om1973-1571443-1572929.wav,в,293
Нам обратно присылали в конвертах.,http://lingconlab.ru/zvenigorod/OUT/2019-Zvenigorod-om1973-1650069-1654660.wav,в,294
Не обременительно во всяком случае.,http://lingconlab.ru/zvenigorod/OUT/2019-Zvenigorod-om1973-1675415-1677726.wav,в,295
Я в общем от него отстала.,http://lingconlab.ru/zvenigorod/OUT/2019-Zvenigorod-om1973-1746321-1748182.wav,в,296
Он в финансовом колледже учится.,http://lingconlab.ru/zvenigorod/OUT/2019-Zvenigorod-om1973-1768490-1770624.wav,в,297
Вот мы ему нашли какие-то курсы в Москве.,http://lingconlab.ru/zvenigorod/OUT/2019-Zvenigorod-om1973-1819710-1822500.wav,в,298
"Мы его уже с папой мучали и так и этак: ""Ну хоть чего-нибудь, ну хоть в каком направлении-то, ну скажи, ну мы тебе как-нибудь там поможем.""",http://lingconlab.ru/zvenigorod/OUT/2019-Zvenigorod-om1973-1849571-1859546.wav,в,299
разных в институте.,http://lingconlab.ru/zvenigorod/OUT/2019-Zvenigorod-om1973-1889081-1890660.wav,в,300
Экзамены сдали уже в школе.,http://lingconlab.ru/zvenigorod/OUT/2019-Zvenigorod-om1973-2012238-2013946.wav,в,301
"Эти менеджеров, они везде во всех институтах.",http://lingconlab.ru/zvenigorod/OUT/2019-Zvenigorod-om1973-2035820-2038916.wav,в,302
"Вы же, в приницпе, ровестники.",http://lingconlab.ru/zvenigorod/OUT/2019-Zvenigorod-om1973-2134063-2138497.wav,в,303
"Не знаю, как у вас в университете, у них-то...",http://lingconlab.ru/zvenigorod/OUT/2019-Zvenigorod-om1973-2158180-2160964.wav,в,304
Там в основном,http://lingconlab.ru/zvenigorod/OUT/2019-Zvenigorod-om1973-2190830-2193154.wav,в,305
"здесь, в Звенигороде.",http://lingconlab.ru/zvenigorod/OUT/2019-Zvenigorod-om1973-2334682-2336766.wav,в,306
И размещалась она в здании храма.,http://lingconlab.ru/zvenigorod/OUT/2019-Zvenigorod-om1973-2367867-2370978.wav,в,307
"в храме, значит, была фабрика.",http://lingconlab.ru/zvenigorod/OUT/2019-Zvenigorod-om1973-2386320-2388075.wav,в,308
Учился в первой школе.,http://lingconlab.ru/zvenigorod/OUT/2019-Zvenigorod-om1973-2430784-2433349.wav,в,309
Все время я-то вот и во второй школе поучилось и в первой школе поучилась.,http://lingconlab.ru/zvenigorod/OUT/2019-Zvenigorod-om1973-2434034-2438699.wav,в,310
в форме в синей.,http://lingconlab.ru/zvenigorod/OUT/2019-Zvenigorod-om1973-2475336-2476912.wav,в,311
Он учился в МАДИ.,http://lingconlab.ru/zvenigorod/OUT/2019-Zvenigorod-om1973-2546322-2548645.wav,в,312
Все все там происходило в этой электричке у нас.,http://lingconlab.ru/zvenigorod/OUT/2019-Zvenigorod-om1973-2556187-2561347.wav,в,313
"Кто кто в медицинском учится, кто на архитектора, кто еще на кого, но вот",http://lingconlab.ru/zvenigorod/OUT/2019-Zvenigorod-om1973-2573432-2578469.wav,в,314
"в совете комсомола был по, но по",http://lingconlab.ru/zvenigorod/OUT/2019-Zvenigorod-om1973-2603635-2607255.wav,в,315
Он один в семье.,http://lingconlab.ru/zvenigorod/OUT/2019-Zvenigorod-om1973-2643244-2645705.wav,в,316
"И у меня"", говорит, ""я почему "", говорит, ""хорошо учился-то в институте"".",http://lingconlab.ru/zvenigorod/OUT/2019-Zvenigorod-om1973-2699830-2703718.wav,в,317
Я уж непомню сколько сейчас вот в этих,http://lingconlab.ru/zvenigorod/OUT/2019-Zvenigorod-om1973-2710914-2714189.wav,в,318
"в окошке в щелочка мама моя"", говорит, ""так и смотрит на улицу"".",http://lingconlab.ru/zvenigorod/OUT/2019-Zvenigorod-om1973-2788857-2793080.wav,в,319
"Вот, но все равно в этой области.",http://lingconlab.ru/zvenigorod/OUT/2019-Zvenigorod-om1973-2839021-2841254.wav,в,320
Все равно в этой области.,http://lingconlab.ru/zvenigorod/OUT/2019-Zvenigorod-om1973-2841623-2843459.wav,в,321
"но он в учебном центре находится, а учебный центр этот занимается",http://lingconlab.ru/zvenigorod/OUT/2019-Zvenigorod-om1973-2861172-2866449.wav,в,322
в этом деле.,http://lingconlab.ru/zvenigorod/OUT/2019-Zvenigorod-om1973-2936290-2937325.wav,в,323
Девять в офисе.,http://lingconlab.ru/zvenigorod/OUT/2019-Zvenigorod-om1973-2968007-2972820.wav,в,324
"Вот, в тепле там и так далее.",http://lingconlab.ru/zvenigorod/OUT/2019-Zvenigorod-om1973-2997854-2999891.wav,в,325
в офисе ты не усидишь долго.,http://lingconlab.ru/zvenigorod/OUT/2019-Zvenigorod-om1973-3001952-3005350.wav,в,326
"В отличие от моего супруга,",http://lingconlab.ru/zvenigorod/OUT/2019-Zvenigorod-om1973-3024066-3026082.wav,в,327
в стране был полный раздрай.,http://lingconlab.ru/zvenigorod/OUT/2019-Zvenigorod-om1973-3050026-3052539.wav,в,328
"Ой в голове вот, я говорю,",http://lingconlab.ru/zvenigorod/OUT/2019-Zvenigorod-om1973-3102126-3106074.wav,в,329
"""А да, я вот в Москве была на дне Московском комсомольце, тогда очень популярная была эта газета ""Московский комсомолец"", и они праздники такие хорошие устраивали.",http://lingconlab.ru/zvenigorod/OUT/2019-Zvenigorod-om1973-3129140-3140886.wav,в,330
В общем целый месяц,http://lingconlab.ru/zvenigorod/OUT/2019-Zvenigorod-om1973-3164382-3166510.wav,в,331
"Потом, значит, в типография-то была в Москве.",http://lingconlab.ru/zvenigorod/OUT/2019-Zvenigorod-om1973-3285501-3289104.wav,в,332
Газет-то много в типографии.,http://lingconlab.ru/zvenigorod/OUT/2019-Zvenigorod-om1973-3340881-3344608.wav,в,333
"Но в отличии, кстати, от нынешних времен, та газета",http://lingconlab.ru/zvenigorod/OUT/2019-Zvenigorod-om1973-3378020-3382604.wav,в,334
"Того, кого задели в этом номере.",http://lingconlab.ru/zvenigorod/OUT/2019-Zvenigorod-om1973-3411933-3414125.wav,в,335
Даже в купальнике.,http://lingconlab.ru/zvenigorod/OUT/2019-Zvenigorod-om1973-3476507-3482659.wav,в,336
И вот девушка в купальнике.,http://lingconlab.ru/zvenigorod/OUT/2019-Zvenigorod-om1973-3488275-3492609.wav,в,337
"Но, вот постепенно все это в газете сошло на нет.",http://lingconlab.ru/zvenigorod/OUT/2019-Zvenigorod-om1973-3499991-3504595.wav,в,338
"Ну что, о чем говорить, если главное событие - это какой-нибудь там детский утренник в детском саду.",http://lingconlab.ru/zvenigorod/OUT/2019-Zvenigorod-om1973-3509739-3516519.wav,в,339
"Я родилась в городе Можайске,",http://lingconlab.ru/zvenigorod/OUT/2019-Zvenigorod-tk1949_1-7894-9807.wav,в,340
С этого времени я живу в Звенигороде.,http://lingconlab.ru/zvenigorod/OUT/2019-Zvenigorod-tk1949_1-14774-16368.wav,в,341
"Моя мама также родилась в Можайске,",http://lingconlab.ru/zvenigorod/OUT/2019-Zvenigorod-tk1949_1-20193-22930.wav,в,342
папа родился в Смоленской области.,http://lingconlab.ru/zvenigorod/OUT/2019-Zvenigorod-tk1949_1-24916-27370.wav,в,343
"В Смоленской области, или, как она сейчас на=.",http://lingconlab.ru/zvenigorod/OUT/2019-Zvenigorod-tk1949_1-28296-35756.wav,в,344
"С семидесятого года он работал на Власихе в воинской части также водителем, возил военного...",http://lingconlab.ru/zvenigorod/OUT/2019-Zvenigorod-tk1949_1-55072-61762.wav,в,345
"Боеприпасы там грузили там ну, в общем, всякие рабочие.",http://lingconlab.ru/zvenigorod/OUT/2019-Zvenigorod-tk1949_1-87173-91829.wav,в,346
Училась в Можайске.,http://lingconlab.ru/zvenigorod/OUT/2019-Zvenigorod-tk1949_1-107320-110805.wav,в,347
В восьмилетней школе в городе Можайске.,http://lingconlab.ru/zvenigorod/OUT/2019-Zvenigorod-tk1949_1-107320-110805.wav,в,348
"Ну, ме= ше= это было в шестьдесят восьмом году.",http://lingconlab.ru/zvenigorod/OUT/2019-Zvenigorod-tk1949_1-150567-155490.wav,в,349
В Мониках также в первые сутки никто ничего не предпри=.,http://lingconlab.ru/zvenigorod/OUT/2019-Zvenigorod-tk1949_1-198796-203307.wav,в,350
"В общем, другие болезни искали.",http://lingconlab.ru/zvenigorod/OUT/2019-Zvenigorod-tk1949_1-203319-205733.wav,в,351
"прихожу в круглой косынке, самое интересное, да?",http://lingconlab.ru/zvenigorod/OUT/2019-Zvenigorod-tk1949_1-245746-248341.wav,в,352
"В круглой косынке, как сёстры милосердия.",http://lingconlab.ru/zvenigorod/OUT/2019-Zvenigorod-tk1949_1-253721-256911.wav,в,353
ни в Мониках,http://lingconlab.ru/zvenigorod/OUT/2019-Zvenigorod-tk1949_1-259739-260946.wav,в,354
в круглых косынках.,http://lingconlab.ru/zvenigorod/OUT/2019-Zvenigorod-tk1949_1-263326-264861.wav,в,355
"Её похоронили в июле, а в августе встречаю свою знакомую, она говорит: ""Поедем в Звенигород",http://lingconlab.ru/zvenigorod/OUT/2019-Zvenigorod-tk1949_1-273962-278928.wav,в,356
"Ну, в общем, был тогда большой набор.",http://lingconlab.ru/zvenigorod/OUT/2019-Zvenigorod-tk1949_1-285206-287431.wav,в,357
"В общем, короче говоря, я приехада в Звенигород, стала",http://lingconlab.ru/zvenigorod/OUT/2019-Zvenigorod-tk1949_1-303073-305694.wav,в,358
"Он говорит: ""Нет, ты будешь только в хирургии работать"".",http://lingconlab.ru/zvenigorod/OUT/2019-Zvenigorod-tk1949_1-337846-340232.wav,в,359
"В шестьдесят восьмом году,",http://lingconlab.ru/zvenigorod/OUT/2019-Zvenigorod-tk1949_1-348079-349735.wav,в,360
"у меня в трудовой книжке: ""С 9 сентября я начала работать в звенигородской больнице"".",http://lingconlab.ru/zvenigorod/OUT/2019-Zvenigorod-tk1949_1-350352-355713.wav,в,361
я работала в хирургии.,http://lingconlab.ru/zvenigorod/OUT/2019-Zvenigorod-tk1949_1-373580-375356.wav,в,362
А потом в девяносто пятом году,http://lingconlab.ru/zvenigorod/OUT/2019-Zvenigorod-tk1949_1-376330-379278.wav,в,363
и в любом возрасте можно было уходить на пенсию.,http://lingconlab.ru/zvenigorod/OUT/2019-Zvenigorod-tk1949_1-401954-404514.wav,в,364
"И в девяносто пятом году нас, мы с= вроде бы,",http://lingconlab.ru/zvenigorod/OUT/2019-Zvenigorod-tk1949_1-411566-415394.wav,в,365
"В общем, мы стали все потихонечку уходить.",http://lingconlab.ru/zvenigorod/OUT/2019-Zvenigorod-tk1949_1-417420-419393.wav,в,366
"Ну, в общем, я пошла.",http://lingconlab.ru/zvenigorod/OUT/2019-Zvenigorod-tk1949_1-457481-458955.wav,в,367
А я вот в соцзащите ещё работала в Голицыно,http://lingconlab.ru/zvenigorod/OUT/2019-Zvenigorod-tk1949_1-499088-502838.wav,в,368
"В вытрезвителе, да.",http://lingconlab.ru/zvenigorod/OUT/2019-Zvenigorod-tk1949_1-519627-523823.wav,в,369
"И самое интересное в том,",http://lingconlab.ru/zvenigorod/OUT/2019-Zvenigorod-tk1949_1-519627-523823.wav,в,370
И в десятом году.,http://lingconlab.ru/zvenigorod/OUT/2019-Zvenigorod-tk1949_1-543787-545548.wav,в,371
В десятом году у нас,http://lingconlab.ru/zvenigorod/OUT/2019-Zvenigorod-tk1949_1-547475-549030.wav,в,372
потом в октябре закрыли.,http://lingconlab.ru/zvenigorod/OUT/2019-Zvenigorod-tk1949_1-552792-554113.wav,в,373
"В общем, закрыли вытрезвитель тоже.",http://lingconlab.ru/zvenigorod/OUT/2019-Zvenigorod-tk1949_1-572615-574491.wav,в,374
"Родственники в основном живут в Москве, но у них есть, правда, дача,",http://lingconlab.ru/zvenigorod/OUT/2019-Zvenigorod-tk1949_1-585924-590451.wav,в,375
"Меня там тоже, конечно, все, в основном, знают.",http://lingconlab.ru/zvenigorod/OUT/2019-Zvenigorod-tk1949_1-609002-611451.wav,в,376
В этом году мы хотели.,http://lingconlab.ru/zvenigorod/OUT/2019-Zvenigorod-tk1949_1-626743-628201.wav,в,377
"Ну в том, тогда я читала - это был [нрзб].",http://lingconlab.ru/zvenigorod/OUT/2019-Zvenigorod-tk1949_1-630155-633003.wav,в,378
"в этом году я хотела ""Родина"",",http://lingconlab.ru/zvenigorod/OUT/2019-Zvenigorod-tk1949_1-644127-646590.wav,в,379
"В том году я не успела сдать документы, а в этом",http://lingconlab.ru/zvenigorod/OUT/2019-Zvenigorod-tk1949_1-649383-652011.wav,в,380
"Говорят, не будет в этом году.",http://lingconlab.ru/zvenigorod/OUT/2019-Zvenigorod-tk1949_1-667061-668764.wav,в,381
"Картошку я [нрзб], да, в Супоневе.",http://lingconlab.ru/zvenigorod/OUT/2019-Zvenigorod-tk1949_1-756020-759884.wav,в,382
У нас с ней огород был там в Супоневе.,http://lingconlab.ru/zvenigorod/OUT/2019-Zvenigorod-tk1949_1-764527-766931.wav,в,383
"В смысле, картошку можно было там",http://lingconlab.ru/zvenigorod/OUT/2019-Zvenigorod-tk1949_1-767057-769030.wav,в,384
"Ну, в общем, эти все сельхоз продукты,",http://lingconlab.ru/zvenigorod/OUT/2019-Zvenigorod-tk1949_2-161768-163981.wav,в,385
Работала раньше в администрации.,http://lingconlab.ru/zvenigorod/OUT/2019-Zvenigorod-tk1949_2-173762-175976.wav,в,386
"То есть, я первый раз в жизни обо=, так, что трактор тянули",http://lingconlab.ru/zvenigorod/OUT/2019-Zvenigorod-tk1949_2-212616-216511.wav,в,387
"поездки, там они у нас тысячу в основном стоят.",http://lingconlab.ru/zvenigorod/OUT/2019-Zvenigorod-tk1949_2-339629-342268.wav,в,388
"как бы все равно находимся с теми людьми, которые в походе.",http://lingconlab.ru/zvenigorod/OUT/2019-Zvenigorod-tk1949_2-418780-422377.wav,в,389
"Мы-то в старых остались, в старые времена ещё с вами поехала.",http://lingconlab.ru/zvenigorod/OUT/2019-Zvenigorod-tk1949_2-440749-444216.wav,в,390
В Введенской губернии родился.,http://lingconlab.ru/zvenigorod/OUT/2019-Zvenigorod-va1940-15612-18137.wav,в,391
Я в Введенской губернии.,http://lingconlab.ru/zvenigorod/OUT/2019-Zvenigorod-va1940-18137-27949.wav,в,392
"Но сам зв= это, там метрика, в Введенске родился, а потом паспорт переименовали, что город Звенигород.",http://lingconlab.ru/zvenigorod/OUT/2019-Zvenigorod-va1940-18137-27949.wav,в,393
В Введенске.,http://lingconlab.ru/zvenigorod/OUT/2019-Zvenigorod-va1940-38407-41111.wav,в,394
Мама родилась в двадцатом году.,http://lingconlab.ru/zvenigorod/OUT/2019-Zvenigorod-va1940-58307-62865.wav,в,395
"В семьдесят восьмом году станцию снесли на новое место, туда.",http://lingconlab.ru/zvenigorod/OUT/2019-Zvenigorod-va1940-77854-82582.wav,в,396
"Я здесь в Игнатьево работал, нет я вообще-то раньше на Сетуни, на заводе работал.",http://lingconlab.ru/zvenigorod/OUT/2019-Zvenigorod-va1940-101298-109129.wav,в,397
"Ну и потом уже там перешёл, в каком году, я уже забыл.",http://lingconlab.ru/zvenigorod/OUT/2019-Zvenigorod-va1940-112140-119499.wav,в,398
В шестьдесят девятом году уже сюда.,http://lingconlab.ru/zvenigorod/OUT/2019-Zvenigorod-va1940-119499-123877.wav,в,399
"Началась... это, ну родился в сороковом, значит, десять месяцев, семнадцать дней началась война, мне было.",http://lingconlab.ru/zvenigorod/OUT/2019-Zvenigorod-va1940-196273-203782.wav,в,400
"Такая жизнь у меня, до трёх лет, потому что в три года меня вроде в сорок третьем или сорок четвертом году.",http://lingconlab.ru/zvenigorod/OUT/2019-Zvenigorod-va1940-220380-228449.wav,в,401
В Москве.,http://lingconlab.ru/zvenigorod/OUT/2019-Zvenigorod-va1940-293330-294199.wav,в,402
Там сухими яблочками нас угощал в автобусе всегда.,http://lingconlab.ru/zvenigorod/OUT/2019-Zvenigorod-va1940-329358-333707.wav,в,403
"Ну чего, ну ходили в детстве на каток все часто.",http://lingconlab.ru/zvenigorod/OUT/2019-Zvenigorod-va1940-471773-476078.wav,в,404
"В парнике помидоры сажаю, а огурцы на улице сажаю.",http://lingconlab.ru/zvenigorod/OUT/2019-Zvenigorod-va1940-544193-549383.wav,в,405
"Да, в доме держу.",http://lingconlab.ru/zvenigorod/OUT/2019-Zvenigorod-va1940-552251-553763.wav,в,406
В поддоне.,http://lingconlab.ru/zvenigorod/OUT/2019-Zvenigorod-va1940-577846-579795.wav,в,407
"Тогда ещё раньше, в детстве, да.",http://lingconlab.ru/zvenigorod/OUT/2019-Zvenigorod-va1940-656160-660527.wav,в,408
"Мышей ловят везде, в округе даже всех изловили.",http://lingconlab.ru/zvenigorod/OUT/2019-Zvenigorod-va1940-685026-690115.wav,в,409
"Вот когда в деревне там жил, вот, была собака у нас.",http://lingconlab.ru/zvenigorod/OUT/2019-Zvenigorod-va1940-707380-712239.wav,в,410
"Как и= [нрзб] были соревнования, вот в этом году тоже.",http://lingconlab.ru/zvenigorod/OUT/2019-Zvenigorod-va1940-937130-942031.wav,в,411
"Первым - нет, потому что первые - самые знаменитые лыжники, там, гонщики с= такие, ну, в общем, сильные лыжники.",http://lingconlab.ru/zvenigorod/OUT/2019-Zvenigorod-va1940-1008494-1018964.wav,в,412
То в Дюдьково.,http://lingconlab.ru/zvenigorod/OUT/2019-Zvenigorod-va1940-1131295-1133633.wav,в,413
"Да в детстве ходил, когда-то давно, а потом что-то я взял да сделал сам себе.",http://lingconlab.ru/zvenigorod/OUT/2019-Zvenigorod-va1940-1209551-1214284.wav,в,414
"Нет, он в звенигородской школе, первой или второй.",http://lingconlab.ru/zvenigorod/OUT/2019-Zvenigorod-va1940-1297378-1300451.wav,в,415
"Первой или второй, я уж не помню, какой, но в звенигородской.",http://lingconlab.ru/zvenigorod/OUT/2019-Zvenigorod-va1940-1300865-1303963.wav,в,416
Один в Москве живёт.,http://lingconlab.ru/zvenigorod/OUT/2019-Zvenigorod-va1940-1381688-1383951.wav,в,417
А младший в Каринске.,http://lingconlab.ru/zvenigorod/OUT/2019-Zvenigorod-va1940-1385343-1389236.wav,в,418
"Жив, в Каринске живёт.",http://lingconlab.ru/zvenigorod/OUT/2019-Zvenigorod-va1940-1389236-1391101.wav,в,419
"Банкир, но он не работает сейчас в банке-то.",http://lingconlab.ru/zvenigorod/OUT/2019-Zvenigorod-va1940-1438100-1440597.wav,в,420
"Да, и в том году.",http://lingconlab.ru/zvenigorod/OUT/2019-Zvenigorod-va1940-1509473-1511208.wav,в,421
"Да где=, в Введенске.",http://lingconlab.ru/zvenigorod/OUT/2019-Zvenigorod-va1940-1511208-1512889.wav,в,422
"В общем, что-то я даже внимания...",http://lingconlab.ru/zvenigorod/OUT/2019-Zvenigorod-va1940-1560416-1567335.wav,в,423
"Ботаника любил, я любил ботанике, и может, мне, при= пере= это, по огороду копаться-то в земле.",http://lingconlab.ru/zvenigorod/OUT/2019-Zvenigorod-va1940-1596506-1604270.wav,в,424
"Ему собирали, в общем, ягоды.",http://lingconlab.ru/zvenigorod/OUT/2019-Zvenigorod-va1940-1616827-1618830.wav,в,425
В августе.,http://lingconlab.ru/zvenigorod/OUT/2019-Zvenigorod-va1940-1785426-1787455.wav,в,426
"В августе, пятого августа.",http://lingconlab.ru/zvenigorod/OUT/2019-Zvenigorod-va1940-1787455-1788991.wav,в,427
"Нет, в городе они учились, это все городские.",http://lingconlab.ru/zvenigorod/OUT/2019-Zvenigorod-va1940-1859735-1863329.wav,в,428
"В общем, не понравилось, короче говоря.",http://lingconlab.ru/zvenigorod/OUT/2019-Zvenigorod-va1940-1970236-1977090.wav,в,429
Это уже совсем в стороне.,http://lingconlab.ru/zvenigorod/OUT/2019-Zvenigorod-va1940-2028680-2030667.wav,в,430
"В общем, пере= переехала.",http://lingconlab.ru/zvenigorod/OUT/2019-Zvenigorod-va1940-2108920-2111192.wav,в,431
"Кто в Супонево, где, кто на Маяковке, так вот, <нрзб>",http://lingconlab.ru/zvenigorod/OUT/2019-Zvenigorod-va1940-2184861-2189558.wav,в,432
В этом году не ездили правда.,http://lingconlab.ru/zvenigorod/OUT/2019-Zvenigorod-va1940-2205221-2208520.wav,в,433
"В этом году зима была тёплая, не ездили.",http://lingconlab.ru/zvenigorod/OUT/2019-Zvenigorod-va1940-2208520-2212600.wav,в,434
"В детстве мы только корзинкой ловили, да сетями ловили.",http://lingconlab.ru/zvenigorod/OUT/2019-Zvenigorod-va1940-2274246-2277524.wav,в,435
"Нет, я жила до двадцати лет в деревне Аксиньино.",http://lingconlab.ru/zvenigorod/OUT/2019-Zvenigorod-vg1945-41240-45590.wav,в,436
"Он работал у меня, конечно, он у меня работал в Нахабине.",http://lingconlab.ru/zvenigorod/OUT/2019-Zvenigorod-vg1945-82441-85750.wav,в,437
"Он был слесарем, в Нахабине работал.",http://lingconlab.ru/zvenigorod/OUT/2019-Zvenigorod-vg1945-86060-89270.wav,в,438
"Ну а я, так как была здесь... в колхозе работала, я...",http://lingconlab.ru/zvenigorod/OUT/2019-Zvenigorod-vg1945-89750-93100.wav,в,439
"Я училась у нас, в Козино.",http://lingconlab.ru/zvenigorod/OUT/2019-Zvenigorod-vg1945-103641-106681.wav,в,440
"И вот, там я в Козино ходила",http://lingconlab.ru/zvenigorod/OUT/2019-Zvenigorod-vg1945-115826-117606.wav,в,441
"Сначала у нас до четвертого класса в деревне была эта школа,",http://lingconlab.ru/zvenigorod/OUT/2019-Zvenigorod-vg1945-117700-121200.wav,в,442
"Да, в картонажке я работала очень долго.",http://lingconlab.ru/zvenigorod/OUT/2019-Zvenigorod-vg1945-155170-157330.wav,в,443
Я уже в школе двадцать лет работаю.,http://lingconlab.ru/zvenigorod/OUT/2019-Zvenigorod-vg1945-170530-172130.wav,в,444
Ну... минус есть в [нрзб] в нашей деревне.,http://lingconlab.ru/zvenigorod/OUT/2019-Zvenigorod-vg1945-222670-226150.wav,в,445
"Вся администрация, все в Истре, нам же как раз сейчас неудобно.",http://lingconlab.ru/zvenigorod/OUT/2019-Zvenigorod-vg1945-229802-233202.wav,в,446
"Ну сын у меня хороший, был десантником, в армии служил -",http://lingconlab.ru/zvenigorod/OUT/2019-Zvenigorod-vg1945-258570-263750.wav,в,447
"Ну, пожил пять лет... жил в Москве...",http://lingconlab.ru/zvenigorod/OUT/2019-Zvenigorod-vg1945-266860-269235.wav,в,448
"Внук у меня здесь в школе учится,",http://lingconlab.ru/zvenigorod/OUT/2019-Zvenigorod-vg1945-286890-289382.wav,в,449
"Одна сестра живет в Москве, ей уже много лет,",http://lingconlab.ru/zvenigorod/OUT/2019-Zvenigorod-vg1945-316220-319150.wav,в,450
"в Чертанове она живет, а другая живет в Можайске.",http://lingconlab.ru/zvenigorod/OUT/2019-Zvenigorod-vg1945-319230-322500.wav,в,451
Моя сестра работала ткачихой в Москве.,http://lingconlab.ru/zvenigorod/OUT/2019-Zvenigorod-vg1945-328470-332360.wav,в,452
"Сначала она жила у меня в Дедовске, когда молодая была,",http://lingconlab.ru/zvenigorod/OUT/2019-Zvenigorod-vg1945-332420-335600.wav,в,453
"Сын в Москве живет, дочь с нею живет там.",http://lingconlab.ru/zvenigorod/OUT/2019-Zvenigorod-vg1945-366820-371980.wav,в,454
Аннушка учится уже в восьмом классе - это внучка.,http://lingconlab.ru/zvenigorod/OUT/2019-Zvenigorod-vg1945-377490-380660.wav,в,455
А другой мальчик - внук - в Москве.,http://lingconlab.ru/zvenigorod/OUT/2019-Zvenigorod-vg1945-383940-386850.wav,в,456
"Закончил там школу и сам пять лет учился в колледже, там, десять.",http://lingconlab.ru/zvenigorod/OUT/2019-Zvenigorod-vg1945-387410-391880.wav,в,457
"А сейчас он мне вот в этот раз лежал в больнице, он мне приехал ко мне,",http://lingconlab.ru/zvenigorod/OUT/2019-Zvenigorod-vg1945-400610-404300.wav,в,458
Так что у нас там в Аксиньине очень хорошая земля.,http://lingconlab.ru/zvenigorod/OUT/2019-Zvenigorod-vg1945-435960-439170.wav,в,459
"У меня сын в армии служил, приехал... в командировку, и вы знаете, я до сих пор...",http://lingconlab.ru/zvenigorod/OUT/2019-Zvenigorod-vg1945-476045-482564.wav,в,460
"И вот, я и думаю: дай-ка я пойду все-таки там в Москве в магазин.",http://lingconlab.ru/zvenigorod/OUT/2019-Zvenigorod-vg1945-506510-511070.wav,в,461
"У меня сын, - а он у меня был в Армении, -",http://lingconlab.ru/zvenigorod/OUT/2019-Zvenigorod-vg1945-524130-527440.wav,в,462
Мне так этот эпизод запомнился в жизни...,http://lingconlab.ru/zvenigorod/OUT/2019-Zvenigorod-vg1945-558950-561360.wav,в,463
"и у меня беседка хорошая, мне сын построил беседочку, я все в нем, в этой беседке.",http://lingconlab.ru/zvenigorod/OUT/2019-Zvenigorod-vg1945-657310-662060.wav,в,464
"Не в нем, а в ней.",http://lingconlab.ru/zvenigorod/OUT/2019-Zvenigorod-vg1945-662060-663430.wav,в,465
"Я была и в Сочах, и в Адлере, и в Молдавии была, и в Ленинграде была.",http://lingconlab.ru/zvenigorod/OUT/2019-Zvenigorod-vg1945-685250-689880.wav,в,466
"И я очень долго лежала, и я всегда ездила в Ховрино - мне давали путевку в Ховрино в Москве - слышали, может.",http://lingconlab.ru/zvenigorod/OUT/2019-Zvenigorod-vg1945-703830-709730.wav,в,467
"Но сейчас, вы знаете, у меня давление сейчас, в том году у меня было давление - целыми днями там лежала.",http://lingconlab.ru/zvenigorod/OUT/2019-Zvenigorod-vg1945-725310-730420.wav,в,468
И в школе у нас молодежь хорошая.,http://lingconlab.ru/zvenigorod/OUT/2019-Zvenigorod-vg1945-811400-814180.wav,в,469
"Банты наступила, а не знаешь, где в истории что-то там такое"", -",http://lingconlab.ru/zvenigorod/OUT/2019-Zvenigorod-vg1945-891060-898550.wav,в,470
Училась я в Посадской школе.,http://lingconlab.ru/zvenigorod/OUT/2019-Zvenigorod-vi1972-24540-26450.wav,в,471
"кухарка, санитарка, во всех в общем",http://lingconlab.ru/zvenigorod/OUT/2019-Zvenigorod-vi1972-50613-54162.wav,в,472
в одной сей ипостаси.,http://lingconlab.ru/zvenigorod/OUT/2019-Zvenigorod-vi1972-54459-55749.wav,в,473
И путешествие уже было в начале дня и в конце дня.,http://lingconlab.ru/zvenigorod/OUT/2019-Zvenigorod-vi1972-96491-99915.wav,в,474
"Вот, поэтому мы учились в посадской школе, вот эти три класса заканчивали,",http://lingconlab.ru/zvenigorod/OUT/2019-Zvenigorod-vi1972-100461-103810.wav,в,475
"Получилось, заканчивала я уже школу в Москве.",http://lingconlab.ru/zvenigorod/OUT/2019-Zvenigorod-vi1972-113164-116602.wav,в,476
"Вот, но как бы удалось покататься в любом случае, потому что переправа",http://lingconlab.ru/zvenigorod/OUT/2019-Zvenigorod-vi1972-123752-127152.wav,в,477
В школе был стандартный английский.,http://lingconlab.ru/zvenigorod/OUT/2019-Zvenigorod-vi1972-153049-154686.wav,в,478
"В техникуме был немецкий, в институте - английский.",http://lingconlab.ru/zvenigorod/OUT/2019-Zvenigorod-vi1972-155703-158606.wav,в,479
Французский у нас еще был в школе.,http://lingconlab.ru/zvenigorod/OUT/2019-Zvenigorod-vi1972-162998-166551.wav,в,480
В Звенигороде появился первый отец.,http://lingconlab.ru/zvenigorod/OUT/2019-Zvenigorod-vi1972-225590-227178.wav,в,481
"""А я в Звенигороде"".",http://lingconlab.ru/zvenigorod/OUT/2019-Zvenigorod-vi1972-246630-251178.wav,в,482
"Сначала в общежитии, потом дали кусочек земли на болоте.",http://lingconlab.ru/zvenigorod/OUT/2019-Zvenigorod-vi1972-311538-314735.wav,в,483
"В общем, во всей красе.",http://lingconlab.ru/zvenigorod/OUT/2019-Zvenigorod-vi1972-351276-352343.wav,в,484
"Но бриллианты тогда были не в моде, но сам факт, она сама как бриллиант была в этом во всем одеянии.",http://lingconlab.ru/zvenigorod/OUT/2019-Zvenigorod-vi1972-354576-358422.wav,в,485
в ресторанах.,http://lingconlab.ru/zvenigorod/OUT/2019-Zvenigorod-vi1972-363554-366358.wav,в,486
"Она, кстати, работала в Звенигородском ресторане.",http://lingconlab.ru/zvenigorod/OUT/2019-Zvenigorod-vi1972-363554-366358.wav,в,487
"Когда, да, отец ее сюда-таки перетащил, она оказалась из Рязани в Москве.",http://lingconlab.ru/zvenigorod/OUT/2019-Zvenigorod-vi1972-366655-371196.wav,в,488
Как бы хлебанула во всей красе всю войну.,http://lingconlab.ru/zvenigorod/OUT/2019-Zvenigorod-vi1972-378490-381344.wav,в,489
"в порыве страсти она сказала, что просто ее спрятали.",http://lingconlab.ru/zvenigorod/OUT/2019-Zvenigorod-vi1972-390791-392850.wav,в,490
"В общем, где-то чуть ли не в графьях они там были.",http://lingconlab.ru/zvenigorod/OUT/2019-Zvenigorod-vi1972-407935-410746.wav,в,491
"Вот, с отцом они познакомились в Москве.",http://lingconlab.ru/zvenigorod/OUT/2019-Zvenigorod-vi1972-426130-427941.wav,в,492
"Тоже случайно вот, насколько я знаю, в драке.",http://lingconlab.ru/zvenigorod/OUT/2019-Zvenigorod-vi1972-428760-431895.wav,в,493
"младенцем он залез под стол, когда были в тылу, и немец выдернул его за ногу из под стола и, причем",http://lingconlab.ru/zvenigorod/OUT/2019-Zvenigorod-vi1972-466873-472208.wav,в,494
"В госпитале, ему два года было, в госпитале забинт= забинтовали якобы как какую-то рану,",http://lingconlab.ru/zvenigorod/OUT/2019-Zvenigorod-vi1972-474962-479031.wav,в,495
"в полуприсяде, хромая, вообще не поняла"", говорит, ""откуда он взялся, тоже было непонятно.",http://lingconlab.ru/zvenigorod/OUT/2019-Zvenigorod-vi1972-506340-510728.wav,в,496
"Такая в теле, ну и...",http://lingconlab.ru/zvenigorod/OUT/2019-Zvenigorod-vi1972-533649-534964.wav,в,497
"Работая в ресторане, таскать вот эти котлы здоровые, да?",http://lingconlab.ru/zvenigorod/OUT/2019-Zvenigorod-vi1972-535163-539430.wav,в,498
"У меня половина рубашки в руке осталась, половину он как-то в руке"", говорит.",http://lingconlab.ru/zvenigorod/OUT/2019-Zvenigorod-vi1972-556544-562509.wav,в,499
Вот так вот они познакомились в драке.,http://lingconlab.ru/zvenigorod/OUT/2019-Zvenigorod-vi1972-585554-587713.wav,в,500
"И работала она здесь в ресторане Звенигород, который толь=, ну когда?",http://lingconlab.ru/zvenigorod/OUT/2019-Zvenigorod-vi1972-629433-634172.wav,в,501
"ну, не то что в моде, ну как-то принято, чтоб было много детей.",http://lingconlab.ru/zvenigorod/OUT/2019-Zvenigorod-vi1972-672103-675427.wav,в,502
"А, тем более, если в городе там, один-два ребенка, да?",http://lingconlab.ru/zvenigorod/OUT/2019-Zvenigorod-vi1972-675725-679918.wav,в,503
"Так что вот мы из многодетных, а я единственная неповторимая в их семье, в нашей.",http://lingconlab.ru/zvenigorod/OUT/2019-Zvenigorod-vi1972-704498-710494.wav,в,504
"Ну, в общем, все, что нажито непосильным трудом,",http://lingconlab.ru/zvenigorod/OUT/2019-Zvenigorod-vi1972-731597-734823.wav,в,505
"И, в общем, дед всех своих к себе.",http://lingconlab.ru/zvenigorod/OUT/2019-Zvenigorod-vi1972-737031-738660.wav,в,506
"Ничего случайного, в принципе, в жизне не бывает,",http://lingconlab.ru/zvenigorod/OUT/2019-Zvenigorod-vi1972-786989-790206.wav,в,507
"абсолютно, да вот, встречи, как мы встечаемся с людьми в жизни, так и здесь, просто встреча была.",http://lingconlab.ru/zvenigorod/OUT/2019-Zvenigorod-vi1972-799188-804076.wav,в,508
В зале бессмысленно заниматься.,http://lingconlab.ru/zvenigorod/OUT/2019-Zvenigorod-vi1972-871719-873381.wav,в,509
"А потом, работа в музыкалке также.",http://lingconlab.ru/zvenigorod/OUT/2019-Zvenigorod-vi1972-886705-889310.wav,в,510
Вот он обучался в музыкальной школе.,http://lingconlab.ru/zvenigorod/OUT/2019-Zvenigorod-vi1972-889682-892039.wav,в,511
"Вот концерт, выпускной в музыкалке, мы сели, он смотрит.",http://lingconlab.ru/zvenigorod/OUT/2019-Zvenigorod-vi1972-905034-908706.wav,в,512
"И вот он смотрел, смотрел на все, как играли скрипки, домры, в общем, все это.",http://lingconlab.ru/zvenigorod/OUT/2019-Zvenigorod-vi1972-920698-924320.wav,в,513
В нашем детсве были пупсики такие маленькие.,http://lingconlab.ru/zvenigorod/OUT/2019-Zvenigorod-vi1972-993130-997199.wav,в,514
"Вот, и мы получается, отмучали вот, учились вернее в музыкалке.",http://lingconlab.ru/zvenigorod/OUT/2019-Zvenigorod-vi1972-1034397-1040128.wav,в,515
"Мы учились в музыкалке, мы катались на лыжах, в доме творчества мы занимались",http://lingconlab.ru/zvenigorod/OUT/2019-Zvenigorod-vi1972-1041592-1046133.wav,в,516
"И, в общем, он тоже взахлеб туда вот на этот конструктор ходил к этому дяденьке.",http://lingconlab.ru/zvenigorod/OUT/2019-Zvenigorod-vi1972-1068459-1074248.wav,в,517
И вот это все в купе.,http://lingconlab.ru/zvenigorod/OUT/2019-Zvenigorod-vi1972-1089829-1092013.wav,в,518
"В общем, дома он только ночевал.",http://lingconlab.ru/zvenigorod/OUT/2019-Zvenigorod-vi1972-1089829-1092013.wav,в,519
"В общем, если посмотреть,",http://lingconlab.ru/zvenigorod/OUT/2019-Zvenigorod-vi1972-1110335-1112097.wav,в,520
У него в классе было разделение на английский и французский.,http://lingconlab.ru/zvenigorod/OUT/2019-Zvenigorod-vi1972-1130282-1134065.wav,в,521
по тому какие результаты в аттестате.,http://lingconlab.ru/zvenigorod/OUT/2019-Zvenigorod-vi1972-1166205-1169481.wav,в,522
"Да, во второй школе.",http://lingconlab.ru/zvenigorod/OUT/2019-Zvenigorod-vi1972-1201334-1202203.wav,в,523
"мы получили добро, и то не сразу, это было где-то даже в середине августа.",http://lingconlab.ru/zvenigorod/OUT/2019-Zvenigorod-vi1972-1240132-1244523.wav,в,524
"заведение, что у меня в голове такие мероприятия, что да...",http://lingconlab.ru/zvenigorod/OUT/2019-Zvenigorod-vi1972-1273352-1276386.wav,в,525
"попала, я услышала, что день открытых дверей и юбилей в нем был, двадцать пять лет.",http://lingconlab.ru/zvenigorod/OUT/2019-Zvenigorod-vi1972-1278748-1282792.wav,в,526
Потом начала дальше двигаться в плане,http://lingconlab.ru/zvenigorod/OUT/2019-Zvenigorod-vi1972-1311678-1315474.wav,в,527
"получается как-то вот ты будешь совсем в другом месте теперь учиться"".",http://lingconlab.ru/zvenigorod/OUT/2019-Zvenigorod-vi1972-1331927-1336928.wav,в,528
"А он, не в теме же он там на пмж-то жить будет.",http://lingconlab.ru/zvenigorod/OUT/2019-Zvenigorod-vi1972-1342113-1345165.wav,в,529
"Ну в общем, так прошло у нас первое сентября.",http://lingconlab.ru/zvenigorod/OUT/2019-Zvenigorod-vi1972-1446446-1448232.wav,в,530
"Как он сказал: ""Ну, в общем, ты меня спихнула.",http://lingconlab.ru/zvenigorod/OUT/2019-Zvenigorod-vi1972-1469776-1472356.wav,в,531
"Дети в этом возрасте понимают только родителей, когда они рядом.",http://lingconlab.ru/zvenigorod/OUT/2019-Zvenigorod-vi1972-1495086-1498470.wav,в,532
""", ""Да ладно, зимой я покатаюсь, в общем, все пока, я все понял.",http://lingconlab.ru/zvenigorod/OUT/2019-Zvenigorod-vi1972-1570449-1576973.wav,в,533
"В общем, я ничего не поняла, разумеется.",http://lingconlab.ru/zvenigorod/OUT/2019-Zvenigorod-vi1972-1586749-1588510.wav,в,534
"В черной черной комнате, да, черная черная кошка.",http://lingconlab.ru/zvenigorod/OUT/2019-Zvenigorod-vi1972-1607029-1611471.wav,в,535
"В любом случае, там они работали, а здесь он сдавал все экзамены.",http://lingconlab.ru/zvenigorod/OUT/2019-Zvenigorod-vi1972-1671552-1675869.wav,в,536
"В общем, я даже не могу сказать, что было бы, если бы другая сторона.",http://lingconlab.ru/zvenigorod/OUT/2019-Zvenigorod-vi1972-1707802-1711871.wav,в,537
"В этом году, вот первое сентября, поступил мальчик,",http://lingconlab.ru/zvenigorod/OUT/2019-Zvenigorod-vi1972-1718805-1722825.wav,в,538
"даже не в феврале, вот уже в начале мая он звонил, говорит:",http://lingconlab.ru/zvenigorod/OUT/2019-Zvenigorod-vi1972-1735569-1738472.wav,в,539
"Он, не стесняясь, да, в выражениях.",http://lingconlab.ru/zvenigorod/OUT/2019-Zvenigorod-vi1972-1756815-1759371.wav,в,540
"каникулы начинаются, в Дютьково начинаются концерты.",http://lingconlab.ru/zvenigorod/OUT/2019-Zvenigorod-vi1972-1789675-1792202.wav,в,541
"Вот, он июньский, и у нас получилось как-то вот дополнительно, мы вот еще полтора года отработали в музыкалке.",http://lingconlab.ru/zvenigorod/OUT/2019-Zvenigorod-vi1972-1819139-1824002.wav,в,542
"Ну в общем, не знаю на счет гитары, как пошла, не пошла у него.",http://lingconlab.ru/zvenigorod/OUT/2019-Zvenigorod-vi1972-1985837-1990204.wav,в,543
"Как какой концерт вот сейчас есть, в прошлом году даже лето, когда было,",http://lingconlab.ru/zvenigorod/OUT/2019-Zvenigorod-vi1972-1999578-2003002.wav,в,544
и зимой сейчас в Дютьково концерты есть.,http://lingconlab.ru/zvenigorod/OUT/2019-Zvenigorod-vi1972-2003300-2007239.wav,в,545
"да, в прошлом году три года мы были.",http://lingconlab.ru/zvenigorod/OUT/2019-Zvenigorod-vi1972-2022620-2024059.wav,в,546
"Как вот, не помню, в общем...",http://lingconlab.ru/zvenigorod/OUT/2019-Zvenigorod-vi1972-2071736-2073027.wav,в,547
"Это секрет, в общем.",http://lingconlab.ru/zvenigorod/OUT/2019-Zvenigorod-vi1972-2077542-2080197.wav,в,548
Еще в азарте.,http://lingconlab.ru/zvenigorod/OUT/2019-Zvenigorod-vi1972-2115396-2116265.wav,в,549
Еще в такие все вот в настроении.,http://lingconlab.ru/zvenigorod/OUT/2019-Zvenigorod-vi1972-2116786-2119614.wav,в,550
Он довольно-таки стеснительный был в детстве.,http://lingconlab.ru/zvenigorod/OUT/2019-Zvenigorod-vi1972-2153106-2155126.wav,в,551
"В массе, да?",http://lingconlab.ru/zvenigorod/OUT/2019-Zvenigorod-vi1972-2188172-2194371.wav,в,552
И вот третий год в прошлом году мы были подряд.,http://lingconlab.ru/zvenigorod/OUT/2019-Zvenigorod-vi1972-2197452-2200224.wav,в,553
"В общем, еле уговорила.",http://lingconlab.ru/zvenigorod/OUT/2019-Zvenigorod-vi1972-2249169-2251576.wav,в,554
"В общем,",http://lingconlab.ru/zvenigorod/OUT/2019-Zvenigorod-vi1972-2273591-2275799.wav,в,555
"Я говорю: ""Хоть в этой клеенке, хоть ощутит кто-то, хоть кого-то запомнит из дудки из этой"".",http://lingconlab.ru/zvenigorod/OUT/2019-Zvenigorod-vi1972-2308840-2312859.wav,в,556
"А тут еще на коврике, тут еще в дождевике.",http://lingconlab.ru/zvenigorod/OUT/2019-Zvenigorod-vi1972-2326549-2329254.wav,в,557
под дождем в платьице.,http://lingconlab.ru/zvenigorod/OUT/2019-Zvenigorod-vi1972-2345331-2346522.wav,в,558
"Потому что... А эти, я говорю, пожалели свои костюмчики, барабаны свои, в дождевиках вышли.",http://lingconlab.ru/zvenigorod/OUT/2019-Zvenigorod-vi1972-2367286-2371684.wav,в,559
"Но в общем, мы тогда высидели этот концерт,",http://lingconlab.ru/zvenigorod/OUT/2019-Zvenigorod-vi1972-2389066-2390704.wav,в,560
он ушел в жутком настроении радости.,http://lingconlab.ru/zvenigorod/OUT/2019-Zvenigorod-vi1972-2391001-2395944.wav,в,561
"причем это была закрытая квартира, я имею в виду,",http://lingconlab.ru/zvenigorod/OUT/2019-Zvenigorod-vi1972-2436865-2439495.wav,в,562
"С улицы, вот как в Дютьково, ты не придешь.",http://lingconlab.ru/zvenigorod/OUT/2019-Zvenigorod-vi1972-2441753-2446687.wav,в,563
"Да вот, ну непростые в общем люди.",http://lingconlab.ru/zvenigorod/OUT/2019-Zvenigorod-vi1972-2456909-2460680.wav,в,564
"В музыке я вообще ничего не понимаю, до сих пор в ней плаваю.",http://lingconlab.ru/zvenigorod/OUT/2019-Zvenigorod-vi1972-2474260-2476790.wav,в,565
"В общем, не буду врать.",http://lingconlab.ru/zvenigorod/OUT/2019-Zvenigorod-vi1972-2491854-2494186.wav,в,566
"А тут так вообще, в деревянном домике.",http://lingconlab.ru/zvenigorod/OUT/2019-Zvenigorod-vi1972-2503639-2506989.wav,в,567
"В общем, было чистенько после ремонта.",http://lingconlab.ru/zvenigorod/OUT/2019-Zvenigorod-vi1972-2516541-2521150.wav,в,568
"Но место выделено участника и вот этого, в общем, двух участников.",http://lingconlab.ru/zvenigorod/OUT/2019-Zvenigorod-vi1972-2535938-2540656.wav,в,569
"И вот это вот, я говорю, картинка, конечно, запомнилась надолго и почему вот, я говорю, в Дютьково...",http://lingconlab.ru/zvenigorod/OUT/2019-Zvenigorod-vi1972-2547751-2554523.wav,в,570
"Ну, в Дютьково, я говорю, тут совсем другая атмосфера, но сам факт.",http://lingconlab.ru/zvenigorod/OUT/2019-Zvenigorod-vi1972-2547751-2554523.wav,в,571
"Да, потому что есть в олимпийском когда",http://lingconlab.ru/zvenigorod/OUT/2019-Zvenigorod-vi1972-2575522-2577966.wav,в,572
"Показать ему, что в этом мире есть.",http://lingconlab.ru/zvenigorod/OUT/2019-Zvenigorod-vi1972-2680515-2684030.wav,в,573
"А я"", говорит, ""не в теме, что мне надо"".",http://lingconlab.ru/zvenigorod/OUT/2019-Zvenigorod-vi1972-2710308-2711747.wav,в,574
Там же без бумажки у нас в государстве как бы ты никто.,http://lingconlab.ru/zvenigorod/OUT/2019-Zvenigorod-vi1972-2767109-2770756.wav,в,575
"Она все в платьях, да?",http://lingconlab.ru/zvenigorod/OUT/2019-Zvenigorod-vi1972-2797896-2799956.wav,в,576
Довольно-таки сильная женщина в плане портновского.,http://lingconlab.ru/zvenigorod/OUT/2019-Zvenigorod-vi1972-2851549-2855246.wav,в,577
"В общем, все по легкой промышленности.",http://lingconlab.ru/zvenigorod/OUT/2019-Zvenigorod-vi1972-2864984-2866249.wav,в,578
Мастерких в городе нет.,http://lingconlab.ru/zvenigorod/OUT/2019-Zvenigorod-vi1972-2911948-2912965.wav,в,579
По крайне мере никто не берется это шить в Звенигороде.,http://lingconlab.ru/zvenigorod/OUT/2019-Zvenigorod-vi1972-2913313-2916101.wav,в,580
"В Звенигороде я не слышала, по крайне мере, чтобы кто-то шил вот эти вот облачения.",http://lingconlab.ru/zvenigorod/OUT/2019-Zvenigorod-vi1972-2926621-2930515.wav,в,581
"Но, в общем, приходится выживать, как и всем.",http://lingconlab.ru/zvenigorod/OUT/2019-Zvenigorod-vi1972-2977096-2979317.wav,в,582
"Вот, поэтому мы так в тишине, скромненько, но стараемся работать.",http://lingconlab.ru/zvenigorod/OUT/2019-Zvenigorod-vi1972-2995918-2998924.wav,в,583
"Нет-нет-нет, я, получается, в тандеме с Посадским храмом.",http://lingconlab.ru/zvenigorod/OUT/2019-Zvenigorod-vi1972-3011570-3016136.wav,в,584
"И чтобы, там получается в храме по праздникам четыре цвета облачений:",http://lingconlab.ru/zvenigorod/OUT/2019-Zvenigorod-vi1972-3029250-3035165.wav,в,585
"Помимо того, что в алтаре, все облачения на алтарь, и помимо того, что",http://lingconlab.ru/zvenigorod/OUT/2019-Zvenigorod-vi1972-3048264-3052864.wav,в,586
"облачения в на вот в самом храме,",http://lingconlab.ru/zvenigorod/OUT/2019-Zvenigorod-vi1972-3053760-3057400.wav,в,587
"Да, а у в Саввином монастыре там есть мастерские.",http://lingconlab.ru/zvenigorod/OUT/2019-Zvenigorod-vi1972-3065233-3069525.wav,в,588
Мастерская хорошая в башне.,http://lingconlab.ru/zvenigorod/OUT/2019-Zvenigorod-vi1972-3093043-3096368.wav,в,589
"Они приглашали меня, но я понимала, что в перчатках мне придется работать.",http://lingconlab.ru/zvenigorod/OUT/2019-Zvenigorod-vi1972-3102445-3106271.wav,в,590
В прямом смысле.,http://lingconlab.ru/zvenigorod/OUT/2019-Zvenigorod-vi1972-3107517-3108187.wav,в,591
Мы оказались в деревне.,http://lingconlab.ru/zvenigorod/OUT/2019-Zvenigorod-vi1972-3209930-3211444.wav,в,592
"Ну вот такой активной нету, конечно, в движении машин, но, по крайне мерей, люди",http://lingconlab.ru/zvenigorod/OUT/2019-Zvenigorod-vi1972-3215761-3220454.wav,в,593
"у каждого в семье по две, по три машины.",http://lingconlab.ru/zvenigorod/OUT/2019-Zvenigorod-vi1972-3221744-3223766.wav,в,594
"Да, в любом случае, старается у нас покататься.",http://lingconlab.ru/zvenigorod/OUT/2019-Zvenigorod-vi1972-3245828-3248743.wav,в,595
На руках тяжело в любом случае.,http://lingconlab.ru/zvenigorod/OUT/2019-Zvenigorod-vi1972-3270177-3277904.wav,в,596
"Нет, в том то и дело, что она мне не была нужна.",http://lingconlab.ru/zvenigorod/OUT/2019-Zvenigorod-vi1972-3297294-3299754.wav,в,597
"Да-да-да, училась в Звенигороде уже.",http://lingconlab.ru/zvenigorod/OUT/2019-Zvenigorod-vi1972-3313906-3315643.wav,в,598
"Тем более у нас сейчас вот эти автошколы сейчас две, по-моему, автошколы у нас здесь находятся, в городе.",http://lingconlab.ru/zvenigorod/OUT/2019-Zvenigorod-vi1972-3363380-3367598.wav,в,599
"Вот, в третьей школе еще как раз я ездила туда учиться.",http://lingconlab.ru/zvenigorod/OUT/2019-Zvenigorod-vi1972-3379618-3382409.wav,в,600
А сейчас у нас в городе две.,http://lingconlab.ru/zvenigorod/OUT/2019-Zvenigorod-vi1972-3383414-3384938.wav,в,601
"Я понимала, что я много чего не знаю в Звенигороде.",http://lingconlab.ru/zvenigorod/OUT/2019-Zvenigorod-vi1972-3426317-3428438.wav,в,602
"И тут в газете,",http://lingconlab.ru/zvenigorod/OUT/2019-Zvenigorod-vi1972-3428876-3431333.wav,в,603
"Кириллка, я имею в виду, к Сергею Леонидовичу, с вопросами расспросами об оружии.",http://lingconlab.ru/zvenigorod/OUT/2019-Zvenigorod-vi1972-3463463-3467324.wav,в,604
"А у этих военных всех, в общем,",http://lingconlab.ru/zvenigorod/OUT/2019-Zvenigorod-vi1972-3468093-3470549.wav,в,605
"Праздники в храме, и",http://lingconlab.ru/zvenigorod/OUT/2019-Zvenigorod-vi1972-3502648-3504534.wav,в,606
"Да, по самые колени в этой грязи, там чего-то чуть не утонули.",http://lingconlab.ru/zvenigorod/OUT/2019-Zvenigorod-vi1972-3541384-3548890.wav,в,607
"В общем, приключения у человека бы= получилось.",http://lingconlab.ru/zvenigorod/OUT/2019-Zvenigorod-vi1972-3541384-3548890.wav,в,608
"В общем, ребенок земли, я так думаю.",http://lingconlab.ru/zvenigorod/OUT/2019-Zvenigorod-vi1972-3587523-3589223.wav,в,609
В конце мая.,http://lingconlab.ru/zvenigorod/OUT/2019-Zvenigorod-vi1972-3647961-3648846.wav,в,610
"Вы не в курсе, что вы учитесь в девятом классе, что у вас должен быть выпускной?"".",http://lingconlab.ru/zvenigorod/OUT/2019-Zvenigorod-vi1972-3653122-3656227.wav,в,611
"Да чего-то мы думали, что мы купим"", но в общем, люди, как всегда, да?",http://lingconlab.ru/zvenigorod/OUT/2019-Zvenigorod-vi1972-3660333-3663187.wav,в,612
"Ну в общем, надеюсь, что пришлют фотографию, посмотрим.",http://lingconlab.ru/zvenigorod/OUT/2019-Zvenigorod-vi1972-3720684-3723187.wav,в,613
"У меня, я вся в творчестве.",http://lingconlab.ru/zvenigorod/OUT/2019-Zvenigorod-vi1972-3742635-3743712.wav,в,614
Я родилась в Звенигородском роддоме.,http://lingconlab.ru/zvenigorod/OUT/2019-Zvenigorod-ya1968-21699-24514.wav,в,615
А отец в Поречье родился.,http://lingconlab.ru/zvenigorod/OUT/2019-Zvenigorod-ya1968-32946-35020.wav,в,616
"Кстати, Саша родился... в Одинцово, в одинцовском роддоме,",http://lingconlab.ru/zvenigorod/OUT/2019-Zvenigorod-ya1968-37217-41953.wav,в,617
а в свидетельстве о рождении у него написано: город Звенигород.,http://lingconlab.ru/zvenigorod/OUT/2019-Zvenigorod-ya1968-41963-45225.wav,в,618
"в Одинцово, ей уже написали город... Одинцово.",http://lingconlab.ru/zvenigorod/OUT/2019-Zvenigorod-ya1968-55565-59980.wav,в,619
В звенигородской в пе= номер один... школа.,http://lingconlab.ru/zvenigorod/OUT/2019-Zvenigorod-ya1968-67991-71558.wav,в,620
"По-моему, в Введенском я не знаю, была или нет...",http://lingconlab.ru/zvenigorod/OUT/2019-Zvenigorod-ya1968-79963-83531.wav,в,621
Снесли и дали в пятом доме на Маяковке квартиру.,http://lingconlab.ru/zvenigorod/OUT/2019-Zvenigorod-ya1968-110970-114679.wav,в,622
В Звенигороде.,http://lingconlab.ru/zvenigorod/OUT/2019-Zvenigorod-ya1968-157249-158403.wav,в,623
"Рыбка, в лучшем случае моредпродукты только.",http://lingconlab.ru/zvenigorod/OUT/2019-Zvenigorod-ya1968-225205-228159.wav,в,624
В основном все после десятого класса.,http://lingconlab.ru/zvenigorod/OUT/2019-Zvenigorod-ya1968-247552-250469.wav,в,625
"Нет, мама добрая была, в том то и дело,",http://lingconlab.ru/zvenigorod/OUT/2019-Zvenigorod-ya1968-339060-341532.wav,в,626
"Нет, ну, в ""Обороне"" там.",http://lingconlab.ru/zvenigorod/OUT/2019-Zvenigorod-ya1968-373824-375904.wav,в,627
"В Москве фабрика ""Маяк""?",http://lingconlab.ru/zvenigorod/OUT/2019-Zvenigorod-ya1968-413569-414710.wav,в,628
"Дефицитные, простые колготки, в которых мы ходили, помнишь?",http://lingconlab.ru/zvenigorod/OUT/2019-Zvenigorod-ya1968-438697-442741.wav,в,629
В простых колготках в десятом классе ходили и в тапочках.,http://lingconlab.ru/zvenigorod/OUT/2019-Zvenigorod-ya1968-443247-446367.wav,в,630
"В школе, да?",http://lingconlab.ru/zvenigorod/OUT/2019-Zvenigorod-ya1968-447787-448507.wav,в,631
В одной комнатушке?,http://lingconlab.ru/zvenigorod/OUT/2019-Zvenigorod-ya1968-500528-502786.wav,в,632
Она здесь в больнице работала?,http://lingconlab.ru/zvenigorod/OUT/2019-Zvenigorod-ya1968-514986-517107.wav,в,633
"Её помнят все, и в садах помнят.",http://lingconlab.ru/zvenigorod/OUT/2019-Zvenigorod-ya1968-521907-525331.wav,в,634
И в школах тоже долго работает.,http://lingconlab.ru/zvenigorod/OUT/2019-Zvenigorod-ya1968-525381-527986.wav,в,635
"А с маминой стороны, они в Можайске.",http://lingconlab.ru/zvenigorod/OUT/2019-Zvenigorod-ya1968-561540-564554.wav,в,636
"Ну и тоже, под Можайском в деревеньке прожили тоже всю жизнь.",http://lingconlab.ru/zvenigorod/OUT/2019-Zvenigorod-ya1968-575952-580914.wav,в,637
"Ну как в детстве, у нас же это в деревню, да?",http://lingconlab.ru/zvenigorod/OUT/2019-Zvenigorod-ya1968-584687-587565.wav,в,638
"И бабушка на скамейке сидит в ватнике и в валенках, летом.",http://lingconlab.ru/zvenigorod/OUT/2019-Zvenigorod-ya1968-596895-601999.wav,в,639
"Здесь бабушка, в Звенигороде, она полная противоположность была.",http://lingconlab.ru/zvenigorod/OUT/2019-Zvenigorod-ya1968-608586-613372.wav,в,640
"Она была всегда одета строго, даже в домашней обстановке: белый воротничок кружевной, причёска.",http://lingconlab.ru/zvenigorod/OUT/2019-Zvenigorod-ya1968-613434-623073.wav,в,641
В общем две бабшуки разные.,http://lingconlab.ru/zvenigorod/OUT/2019-Zvenigorod-ya1968-623219-625278.wav,в,642
"А здесь, в Поречье, был дом.. дом частный или квартира?",http://lingconlab.ru/zvenigorod/OUT/2019-Zvenigorod-ya1968-624931-628057.wav,в,643
В Звенигороде.,http://lingconlab.ru/zvenigorod/OUT/2019-Zvenigorod-ya1968-635746-637128.wav,в,644
Московский номер в квартире.,http://lingconlab.ru/zvenigorod/OUT/2019-Zvenigorod-ya1968-650082-652511.wav,в,645
"В лёгкой форме, да, правильно говоришь, минимум.",http://lingconlab.ru/zvenigorod/OUT/2019-Zvenigorod-ya1968-679444-682150.wav,в,646
"Там я помню, в детстве эту принесла из роддома.",http://lingconlab.ru/zvenigorod/OUT/2019-Zvenigorod-ya1968-771459-775284.wav,в,647
"У неё, говорю, местечко в животике есть для маленького ребёночка.",http://lingconlab.ru/zvenigorod/OUT/2019-Zvenigorod-ya1968-783527-787423.wav,в,648
В результате он пошёл после девятого класса убежали бегом из школы просто.,http://lingconlab.ru/zvenigorod/OUT/2019-Zvenigorod-ya1968-823089-828809.wav,в,649
На заочном в ВУЗе?,http://lingconlab.ru/zvenigorod/OUT/2019-Zvenigorod-ya1968-883950-885354.wav,в,650
В МАМИ.,http://lingconlab.ru/zvenigorod/OUT/2019-Zvenigorod-ya1968-885054-886690.wav,в,651
В институте у него...,http://lingconlab.ru/zvenigorod/OUT/2019-Zvenigorod-ya1968-908990-909868.wav,в,652
Отслужил в армии после колледжа.,http://lingconlab.ru/zvenigorod/OUT/2019-Zvenigorod-ya1968-932031-934227.wav,в,653
В Москве.,http://lingconlab.ru/zvenigorod/OUT/2019-Zvenigorod-ya1968-937192-937826.wav,в,654
Призывался тоже в Одинцово.,http://lingconlab.ru/zvenigorod/OUT/2019-Zvenigorod-ya1968-943601-945492.wav,в,655
"Ну, и так и остался он в Москве.",http://lingconlab.ru/zvenigorod/OUT/2019-Zvenigorod-ya1968-969824-971539.wav,в,656
В пионерском лагере отслужил.,http://lingconlab.ru/zvenigorod/OUT/2019-Zvenigorod-ya1968-1009347-1012883.wav,в,657
"В общем, был занят.",http://lingconlab.ru/zvenigorod/OUT/2019-Zvenigorod-ya1968-1034470-1036009.wav,в,658
В гаражах.,http://lingconlab.ru/zvenigorod/OUT/2019-Zvenigorod-ya1968-1091772-1092864.wav,в,659
В связи с хорошим послужным этим списком.,http://lingconlab.ru/zvenigorod/OUT/2019-Zvenigorod-ya1968-1100751-1103629.wav,в,660
"Где-то... в общем, между Звенигородом и Москвой.",http://lingconlab.ru/zvenigorod/OUT/2019-Zvenigorod-ya1968-1121534-1124598.wav,в,661
"В общем, человеку нужно куда-то себя ещё деть.",http://lingconlab.ru/zvenigorod/OUT/2019-Zvenigorod-ya1968-1153770-1156791.wav,в,662
"В общем, это человек, который может ответить на все вопросы интересующ=.",http://lingconlab.ru/zvenigorod/OUT/2019-Zvenigorod-ya1968-1161872-1166000.wav,в,663
В третьей школе.,http://lingconlab.ru/zvenigorod/OUT/2019-Zvenigorod-ya1968-1190510-1191329.wav,в,664
В супоневской.,http://lingconlab.ru/zvenigorod/OUT/2019-Zvenigorod-ya1968-1192480-1193392.wav,в,665
"Фортепиано одно стоит в актовом зале, и то расстроенное.",http://lingconlab.ru/zvenigorod/OUT/2019-Zvenigorod-ya1968-1215562-1221951.wav,в,666
"Ну, дело в том, что человек занимался музыкой.",http://lingconlab.ru/zvenigorod/OUT/2019-Zvenigorod-ya1968-1260083-1263011.wav,в,667
В начальной школе.,http://lingconlab.ru/zvenigorod/OUT/2019-Zvenigorod-ya1968-1269824-1271263.wav,в,668
Надо будет посмотреть в интернете.,http://lingconlab.ru/zvenigorod/OUT/2019-Zvenigorod-ya1968-1308584-1310036.wav,в,669
"В актовом зале, там музыка...",http://lingconlab.ru/zvenigorod/OUT/2019-Zvenigorod-ya1968-1339470-1340952.wav,в,670
"Ну, понятно, четвёртая школа в этом плане...",http://lingconlab.ru/zvenigorod/OUT/2019-Zvenigorod-ya1968-1346466-1348743.wav,в,671
Как мы в прошлом году в Абхазию с ней ездили.,http://lingconlab.ru/zvenigorod/OUT/2019-Zvenigorod-ya1968-1366824-1370833.wav,в,672
А в этом году в Калининград ездили мы.,http://lingconlab.ru/zvenigorod/OUT/2019-Zvenigorod-ya1968-1413352-1417533.wav,в,673
В мае.,http://lingconlab.ru/zvenigorod/OUT/2019-Zvenigorod-ya1968-1417651-1418190.wav,в,674
Вы были в Калининграде?,http://lingconlab.ru/zvenigorod/OUT/2019-Zvenigorod-ya1968-1424104-1425282.wav,в,675
"Ну, в мае там было очень холодно.",http://lingconlab.ru/zvenigorod/OUT/2019-Zvenigorod-ya1968-1463857-1468006.wav,в,676
"Мы в куртках, в капюшонах там.",http://lingconlab.ru/zvenigorod/OUT/2019-Zvenigorod-ya1968-1470841-1472677.wav,в,677
"Ну вот, просидела в лесу.",http://lingconlab.ru/zvenigorod/OUT/2019-Zvenigorod-ya1968-1488144-1489856.wav,в,678
Зато в санатории.,http://lingconlab.ru/zvenigorod/OUT/2019-Zvenigorod-ya1968-1490792-1492666.wav,в,679
"Ну в основном они сейчас санаторий, как ста= работают как...",http://lingconlab.ru/zvenigorod/OUT/2019-Zvenigorod-ya1968-1617359-1621006.wav,в,680
Что надо было учиться в институте.,http://lingconlab.ru/zvenigorod/OUT/2019-Zvenigorod-ya1968-1641216-1647016.wav,в,681
"Ну, дело в том, что были места.",http://lingconlab.ru/zvenigorod/OUT/2019-Zvenigorod-ya1968-1665858-1671787.wav,в,682
Я могла даже у нас в Звенигороде...,http://lingconlab.ru/zvenigorod/OUT/2019-Zvenigorod-ya1968-1674671-1678536.wav,в,683
"В основном, всё такое.",http://lingconlab.ru/zvenigorod/OUT/2019-Zvenigorod-ya1968-1733577-1737466.wav,в,684
"А так, в основном, мойка унитазов.",http://lingconlab.ru/zvenigorod/OUT/2019-Zvenigorod-ya1968-1758108-1760155.wav,в,685
"и кто меня где возьмет в Звенигороде, и кем?",http://lingconlab.ru/zvenigorod/OUT/2019-Zvenigorod-ya1968-1770509-1774144.wav,в,686
"Что в колледже училась, библиотека бесплатно.",http://lingconlab.ru/zvenigorod/OUT/2019-Zvenigorod-ya1968-1864933-1867929.wav,в,687
Потому что у них в колледже очень там серьёзная программа была и много часов практики.,http://lingconlab.ru/zvenigorod/OUT/2019-Zvenigorod-ya1968-1903224-1908347.wav,в,688
В нашей школе и в садике там в Егорьевске.,http://lingconlab.ru/zvenigorod/OUT/2019-Zvenigorod-ya1968-1912609-1915525.wav,в,689
"Потому что из первой мы тоже ж убежали в девятом классе, после девятого.",http://lingconlab.ru/zvenigorod/OUT/2019-Zvenigorod-ya1968-1956983-1960618.wav,в,690
"Дала ей аттестат на вручении и сказала: ""Чтоб я тебя не видела в десятом классе.",http://lingconlab.ru/zvenigorod/OUT/2019-Zvenigorod-ya1968-1966008-1971136.wav,в,691
Применяешь это в жизни?,http://lingconlab.ru/zvenigorod/OUT/2019-Zvenigorod-ya1968-2057260-2059338.wav,в,692
"Всё равно, вот она в колледже училась..",http://lingconlab.ru/zvenigorod/OUT/2019-Zvenigorod-ya1968-2064827-2067557.wav,в,693
Оказывается хорошо учат нас в [нрзб] школе.,http://lingconlab.ru/zvenigorod/OUT/2019-Zvenigorod-ya1968-2102487-2105762.wav,в,694
В музыкальной школе дала.,http://lingconlab.ru/zvenigorod/OUT/2019-Zvenigorod-ya1968-2107270-2108851.wav,в,695
"в конце концов, и сколько часов, и сколько тебе денег будут платить.",http://lingconlab.ru/zvenigorod/OUT/2019-Zvenigorod-ya1968-2128170-2131966.wav,в,696
В старших классах.,http://lingconlab.ru/zvenigorod/OUT/2019-Zvenigorod-ya1968-2139527-2140717.wav,в,697
"В посёлках были там, это вот смотрели всё..",http://lingconlab.ru/zvenigorod/OUT/2019-Zvenigorod-ya1968-2182562-2185396.wav,в,698
"Всё ему не так, ему надо в ситцевом сарафанчике.",http://lingconlab.ru/zvenigorod/OUT/2019-Zvenigorod-ya1968-2269179-2272547.wav,в,699
"Он говорит: ""Как вот встречу в ситцевом сарафанчике, как у мамы платье"".",http://lingconlab.ru/zvenigorod/OUT/2019-Zvenigorod-ya1968-2273085-2276639.wav,в,700
